ALLSKY_KT,WS2M,T2M,PS,WS10M,QV2M,RH2M
-0.09067675,0.5168885,9.43168132,-0.991191,0.51382765,3.11284136,-13.1163813
-0.07067675,0.6868885,9.59168132,-1.181191,0.67382765,3.17284136,-14.2363813
-0.04067675,-0.9131115,9.95168132,-0.901191,-1.22617235,3.42284136,-12.1163813
-0.03067675,-0.9331115,10.3116813,-0.081191,-1.33617235,4.03284136,-5.29638129
0.38932325,-1.7031115,11.0816813,0.118809,-2.30617235,3.54284136,-13.1163813
0.00932325,-0.7631115,11.7516813,-0.261191,-1.14617235,4.27284136,-8.11638129
0.03932325,-2.1731115,11.3916813,-0.231191,-2.86617235,4.27284136,-6.92638129
-0.01067675,-1.1031115,11.0216813,-0.041191,-1.39617235,4.33284136,-3.17638129
-0.00067675,-1.1431115,9.75168132,0.048809,-1.51617235,3.97284136,-3.23638129
-0.02067675,0.1468885,10.5816813,0.038809,0.17382765,4.39284136,-0.61638129
0.17932325,-0.0931115,11.6716813,-0.221191,-0.15617235,4.09284136,-9.23638129
0.05932325,-0.8631115,11.7216813,-0.361191,-1.16617235,4.58284136,-3.79638129
0.23932325,-1.7131115,12.1716813,-0.181191,-2.19617235,4.33284136,-8.73638129
0.11932325,-0.2631115,10.6116813,-0.831191,-0.46617235,3.48284136,-14.4863813
-0.03067675,-1.7931115,10.4516813,-0.751191,-2.33617235,4.27284136,-2.67638129
-0.03067675,1.4168885,9.06168132,-1.331191,1.73382765,3.48284136,-8.04638129
-0.03067675,0.7468885,9.69168132,-1.271191,0.93382765,3.17284136,-13.9263813
-0.06067675,1.4368885,9.69168132,-0.731191,1.74382765,3.97284136,-4.61638129
-0.03067675,1.9068885,9.63168132,-0.501191,2.20382765,3.17284136,-12.9263813
-0.03067675,-0.4431115,10.1916813,-0.401191,-0.68617235,4.15284136,-3.61638129
-0.05067675,-1.0031115,9.87168132,-0.481191,-1.38617235,4.39284136,0.88361871
-0.00067675,0.0368885,9.86168132,-0.161191,-0.15617235,4.70284136,5.14361871
0.14932325,-0.8231115,8.46168132,0.078809,-1.18617235,3.17284136,-6.42638129
0.01932325,-0.9731115,6.93168132,0.468809,-1.39617235,2.14284136,-13.1163813
-0.02067675,0.7368885,8.31168132,-0.411191,0.73382765,3.60284136,-3.35638129
-0.01067675,1.4168885,9.64168132,-0.611191,1.59382765,4.46284136,2.82361871
0.02932325,1.7668885,8.47168132,-0.341191,2.01382765,3.72284136,-0.04638129
-0.00067675,1.2368885,7.29168132,-0.461191,1.37382765,1.83284136,-17.5463813
0.13932325,-0.5131115,8.03168132,-0.531191,-0.81617235,1.22284136,-27.6763813
0.05932325,-0.5431115,7.83168132,-0.191191,-0.82617235,1.10284136,-27.4263813
0.04932325,-0.2131115,8.41168132,-0.031191,-0.43617235,1.65284136,-24.5463813
0.17932325,0.2668885,10.0216813,0.358809,0.22382765,3.60284136,-8.23638129
-0.07067675,-2.3331115,11.7216813,0.388809,-3.05617235,4.03284136,-10.3563813
-0.04067675,-2.3031115,12.5416813,0.478809,-2.90617235,4.33284136,-9.42638129
-0.03067675,-1.1231115,12.3516813,0.298809,-1.40617235,4.39284136,-8.92638129
0.26932325,-2.8131115,13.2216813,1.028809,-3.61617235,5.31284136,2.45361871
0.03932325,-3.0131115,11.1016813,1.518809,-3.91617235,3.66284136,-11.2363813
0.06932325,1.5068885,10.0416813,1.008809,1.77382765,3.05284136,-15.1763813
0.28932325,0.5868885,9.91168132,1.138809,0.64382765,2.99284136,-14.6763813
0.06932325,0.8068885,12.3616813,0.188809,0.87382765,4.33284136,-9.29638129
-0.01067675,1.0368885,14.2816813,-0.311191,1.06382765,5.62284136,1.88361871
0.02932325,1.3168885,13.8016813,-0.271191,1.49382765,5.00284136,-4.29638129
0.24932325,0.7368885,12.3316813,-0.191191,0.74382765,3.60284136,-19.9863813
-0.00067675,-0.3931115,12.3216813,0.158809,-0.65617235,4.21284136,-11.9863813
-0.06067675,-0.8431115,13.5916813,0.078809,-1.18617235,4.88284136,-6.92638129
-0.00067675,0.7168885,11.9016813,0.548809,0.63382765,4.58284136,-4.54638129
0.16932325,-0.5631115,11.5516813,0.888809,-0.81617235,3.78284136,-10.9263813
-0.04067675,-1.5531115,11.1116813,0.348809,-2.10617235,4.58284136,-1.04638129
-0.07067675,-3.4431115,13.4216813,0.178809,-4.40617235,5.31284136,0.95361871
0.05932325,-2.0131115,12.0016813,0.328809,-2.67617235,4.64284136,-2.92638129
-0.03067675,-0.9931115,11.4216813,0.048809,-1.40617235,3.97284136,-11.0463813
-0.09067675,-1.5931115,9.70168132,0.058809,-2.13617235,3.42284136,-11.5463813
0.04932325,-1.2631115,9.14168132,0.008809,-1.84617235,4.03284136,-0.29638129
-0.05067675,0.0368885,8.65168132,-0.091191,-0.36617235,4.27284136,4.64361871
0.00932325,0.8668885,8.47168132,0.058809,0.72382765,4.21284136,4.07361871
0.31932325,0.1468885,8.89168132,-0.041191,0.01382765,1.34284136,-30.0463813
-0.03067675,1.6668885,8.92168132,0.168809,1.98382765,2.50284136,-18.0463813
0.20932325,-0.1231115,9.04168132,0.198809,-0.28617235,2.75284136,-14.3563813
-0.10067675,0.1268885,10.1616813,-0.291191,-0.07617235,3.78284136,-9.11638129
-0.00067675,-0.0831115,9.67168132,-0.261191,-0.25617235,3.30284136,-10.3563813
0.11932325,-0.5731115,9.51168132,-0.771191,-1.01617235,3.05284136,-15.1163813
0.01932325,1.0568885,9.47168132,-1.021191,1.06382765,3.36284136,-12.0463813
-0.03067675,-1.9031115,9.25168132,0.498809,-2.54617235,4.09284136,-0.48638129
-0.04067675,-1.5531115,8.79168132,0.088809,-2.09617235,3.60284136,-3.23638129
-0.03067675,-0.9531115,8.45168132,0.188809,-1.32617235,2.75284136,-12.0463813
-0.02067675,1.1368885,7.31168132,0.338809,1.29382765,2.56284136,-9.17638129
0.05932325,0.2668885,8.29168132,0.008809,0.25382765,2.62284136,-12.9863813
0.05932325,-1.7031115,10.2516813,0.138809,-2.29617235,3.54284136,-12.2363813
-0.03067675,-0.6931115,11.1016813,-0.241191,-1.00617235,4.58284136,-1.04638129
0.24932325,-1.6531115,11.3916813,0.148809,-2.14617235,4.76284136,0.76361871
0.00932325,-0.4031115,9.72168132,0.158809,-0.58617235,3.85284136,-4.35638129
0.15932325,-0.2331115,10.1816813,-0.441191,-0.57617235,3.42284136,-12.6763813
-0.08067675,-0.1931115,8.97168132,-1.171191,-0.31617235,3.11284136,-12.3563813
-0.07067675,-0.3531115,8.94168132,-0.791191,-0.50617235,3.72284136,-4.04638129
0.00932325,-0.3831115,8.65168132,-0.941191,-0.70617235,3.11284136,-10.7963813
-0.00067675,-0.5631115,9.11168132,-1.071191,-0.86617235,3.48284136,-7.98638129
-0.04067675,-2.5531115,10.0216813,-0.571191,-3.25617235,4.33284136,-0.73638129
-0.07067675,-0.8031115,9.54168132,-0.071191,-1.04617235,3.78284136,-3.48638129
-0.02067675,0.6568885,10.4516813,-0.411191,0.64382765,4.33284136,-2.92638129
-0.06067675,0.5268885,10.5716813,-1.161191,0.45382765,4.15284136,-5.11638129
-0.06067675,1.5668885,10.3916813,-1.661191,1.72382765,4.03284136,-8.11638129
-0.06067675,-1.3031115,11.0016813,-1.071191,-1.82617235,4.39284136,-4.61638129
-0.05067675,0.1968885,10.8416813,-0.801191,0.11382765,4.58284136,-0.79638129
-0.07067675,-0.0931115,10.9116813,-0.711191,-0.30617235,4.82284136,2.64361871
-0.07067675,1.1468885,9.30168132,-0.491191,1.30382765,3.72284136,-4.35638129
-0.06067675,-1.6931115,9.65168132,-0.131191,-2.22617235,3.85284136,-5.17638129
0.02932325,0.5568885,9.87168132,-0.391191,0.55382765,3.85284136,-6.79638129
0.22932325,0.9668885,10.8616813,-0.681191,1.03382765,5.00284136,5.07361871
0.08932325,0.8468885,10.7316813,-0.301191,0.96382765,3.85284136,-8.67638129
-0.04067675,1.1268885,11.1016813,-0.411191,1.35382765,4.09284136,-7.29638129
0.02932325,0.1468885,9.72168132,0.328809,0.01382765,4.58284136,3.88361871
-0.00067675,-2.3031115,10.7616813,1.138809,-2.97617235,4.64284136,2.20361871
-0.08067675,-1.9531115,9.64168132,1.808809,-2.55617235,4.39284136,4.38361871
-0.00067675,-0.7131115,12.9216813,-1.001191,-0.93617235,4.94284136,-3.85638129
-0.02067675,-2.5531115,13.1916813,-0.461191,-3.24617235,5.13284136,-1.23638129
0.08932325,-1.1031115,12.7916813,0.168809,-1.39617235,4.82284136,-4.04638129
0.16932325,0.7068885,9.66168132,-0.241191,0.67382765,3.11284136,-14.3563813
-0.00067675,0.2568885,10.9116813,-1.101191,0.11382765,3.78284136,-12.7363813
-0.00067675,-3.2631115,12.1716813,-0.651191,-4.20617235,4.52284136,-7.23638129
0.02932325,-3.0831115,12.5716813,-0.031191,-3.92617235,4.52284136,-7.85638129
0.12932325,0.7468885,11.0716813,-0.191191,0.91382765,4.21284136,-6.92638129
-0.02067675,1.4168885,12.8016813,-0.781191,1.48382765,4.94284136,-3.42638129
0.18932325,-2.1331115,12.7816813,0.338809,-2.85617235,4.76284136,-4.23638129
0.06932325,-3.5231115,11.8916813,0.838809,-4.54617235,4.21284136,-7.92638129
-0.01067675,-0.8331115,11.6016813,-0.071191,-1.19617235,4.21284136,-8.79638129
-0.00067675,-0.5131115,10.5216813,0.258809,-0.92617235,4.21284136,-3.48638129
0.07932325,-2.0931115,9.20168132,1.048809,-2.83617235,4.03284136,1.51361871
0.17932325,-2.1831115,14.0916813,0.318809,-2.84617235,5.86284136,9.14361871
0.32932325,1.1268885,14.3216813,0.468809,1.31382765,5.00284136,-6.29638129
0.05932325,-0.5831115,13.9216813,0.378809,-0.89617235,4.64284136,-12.6163813
-0.00067675,-2.4831115,12.4716813,0.178809,-3.17617235,4.58284136,-6.23638129
0.00932325,-0.8831115,12.2916813,-0.281191,-1.14617235,4.33284136,-10.0463813
-0.01067675,1.5068885,12.8916813,-0.701191,1.73382765,5.13284136,-1.35638129
-0.01067675,1.7168885,11.1616813,-0.911191,1.99382765,4.39284136,-2.98638129
0.03932325,1.0868885,9.68168132,-0.991191,1.04382765,2.62284136,-19.4863813
0.19932325,1.6968885,10.1116813,-0.851191,1.91382765,2.08284136,-25.2963813
0.09932325,1.7768885,9.45168132,-0.891191,2.18382765,2.75284136,-17.6163813
-0.04067675,0.5468885,9.66168132,-1.361191,0.57382765,2.32284136,-23.7363813
-0.03067675,-0.7731115,10.8916813,-0.921191,-0.93617235,2.99284136,-21.8563813
0.06932325,-3.2031115,9.59168132,-0.111191,-4.17617235,3.60284136,-8.61638129
-0.02067675,-2.2331115,7.82168132,0.108809,-2.99617235,4.33284136,8.26361871
0.06932325,-0.9431115,8.07168132,0.688809,-1.42617235,4.58284136,10.5736187
0.17932325,-0.3931115,8.46168132,1.168809,-0.79617235,4.27284136,7.51361871
-0.00067675,-0.7331115,7.86168132,0.668809,-1.19617235,3.11284136,-4.54638129
-0.05067675,0.2568885,8.95168132,0.178809,0.16382765,2.99284136,-12.1163813
0.09932325,1.4268885,7.63168132,-0.341191,1.74382765,3.42284136,-1.11638129
-0.08067675,-1.1131115,8.90168132,-0.391191,-1.49617235,3.48284136,-6.35638129
0.00932325,-1.0631115,7.79168132,-0.341191,-1.54617235,3.48284136,-2.11638129
-0.07067675,0.5268885,8.31168132,-0.951191,0.52382765,3.60284136,-2.73638129
-0.03067675,-1.8631115,9.48168132,-1.011191,-2.46617235,4.15284136,-1.23638129
0.06932325,-1.5831115,9.43168132,-0.631191,-2.03617235,4.52284136,4.57361871
0.06932325,-1.4431115,8.18168132,-0.621191,-1.84617235,3.54284136,-1.85638129
0.31932325,-2.7031115,9.16168132,-0.531191,-3.47617235,3.60284136,-4.42638129
-0.04067675,-1.3831115,10.0416813,-0.621191,-1.85617235,3.97284136,-6.54638129
-0.02067675,0.2768885,10.4316813,-0.851191,0.18382765,4.03284136,-6.67638129
0.15932325,-0.6531115,10.8716813,-0.631191,-0.86617235,4.64284136,1.20361871
0.06932325,0.6468885,9.33168132,-0.411191,0.56382765,4.39284136,4.64361871
-0.00067675,0.7668885,8.87168132,-0.431191,0.62382765,4.27284136,3.88361871
-0.02067675,1.9668885,7.64168132,-0.681191,2.31382765,3.05284136,-4.61638129
-0.03067675,1.1668885,8.06168132,-0.821191,1.24382765,1.95284136,-20.2363813
-0.01067675,-0.1631115,7.66168132,-0.461191,-0.43617235,1.77284136,-19.6163813
0.11932325,0.0868885,8.80168132,0.238809,-0.04617235,3.60284136,-4.23638129
0.18932325,0.8468885,9.68168132,0.278809,0.75382765,4.15284136,-0.35638129
0.01932325,-0.5631115,8.38168132,0.128809,-0.92617235,3.78284136,-0.61638129
-0.01067675,-0.0831115,8.43168132,-0.161191,-0.20617235,3.54284136,-3.67638129
0.10932325,-0.1931115,7.82168132,-0.241191,-0.41617235,3.60284136,-1.04638129
0.04932325,-1.3531115,7.54168132,-0.011191,-1.90617235,3.48284136,0.07361871
0.02932325,1.1768885,7.89168132,-0.271191,1.20382765,3.72284136,0.76361871
0.03932325,-0.9131115,8.47168132,-0.181191,-1.36617235,3.91284136,1.20361871
-0.02067675,-1.1531115,7.29168132,-0.161191,-1.61617235,3.54284136,1.57361871
-0.01067675,-0.3731115,6.90168132,-0.181191,-0.72617235,3.72284136,4.32361871
0.16932325,0.7168885,7.18168132,0.048809,0.50382765,3.97284136,6.45361871
0.22932325,-0.5531115,6.36168132,0.188809,-1.00617235,4.09284136,10.5736187
-0.00067675,-3.3031115,6.27168132,0.478809,-4.32617235,3.42284136,4.82361871
0.02932325,-1.7631115,6.77168132,-0.291191,-2.40617235,4.33284136,10.8236187
0.06932325,0.8468885,9.59168132,-1.291191,0.94382765,3.36284136,-11.4863813
0.09932325,1.0868885,9.36168132,-1.251191,1.28382765,3.72284136,-5.29638129
-0.01067675,1.0568885,9.23168132,-1.491191,1.22382765,3.05284136,-13.2963813
-0.03067675,1.6668885,9.54168132,-1.721191,2.08382765,2.38284136,-22.6163813
0.09932325,1.8568885,9.49168132,-1.431191,2.24382765,3.85284136,-4.42638129
-0.01067675,0.6868885,10.5916813,-0.841191,0.74382765,3.78284136,-9.67638129
-0.07067675,-1.7631115,11.9116813,-0.661191,-2.30617235,4.39284136,-7.29638129
-0.04067675,-0.7631115,11.4816813,-0.681191,-1.04617235,4.33284136,-6.85638129
-0.08067675,1.0268885,10.0216813,-0.991191,1.18382765,4.03284136,-3.98638129
-0.05067675,-0.4531115,10.7016813,-0.991191,-0.73617235,4.70284136,2.01361871
-0.06067675,-0.2431115,10.5416813,-1.001191,-0.61617235,4.52284136,0.20361871
-0.07067675,1.7668885,8.88168132,-1.121191,1.93382765,3.97284136,-0.54638129
-0.00067675,1.6168885,9.09168132,-1.451191,1.82382765,2.08284136,-22.1163813
0.16932325,0.3268885,8.57168132,-1.581191,0.20382765,1.10284136,-29.5463813
0.31932325,-1.3231115,7.07168132,-1.621191,-1.75617235,1.28284136,-22.1763813
0.24932325,-0.9531115,7.89168132,-1.601191,-1.26617235,1.71284136,-21.4863813
0.03932325,0.2968885,8.22168132,-1.421191,0.16382765,1.89284136,-21.7963813
0.04932325,0.7868885,8.80168132,-1.061191,0.67382765,2.14284136,-21.7963813
-0.01067675,0.2168885,7.81168132,-1.021191,-0.04617235,0.92284136,-27.3563813
-0.13067675,0.1168885,7.27168132,-1.171191,-0.06617235,0.92284136,-25.1763813
-0.01067675,1.1968885,7.41168132,-0.931191,1.24382765,1.77284136,-19.1763813
-0.04067675,0.7068885,7.97168132,-0.751191,0.81382765,2.44284136,-14.4263813
0.07932325,0.5868885,9.54168132,-0.601191,0.66382765,3.97284136,-3.35638129
-0.03067675,0.4168885,8.91168132,-0.791191,0.28382765,2.99284136,-11.7963813
0.12932325,0.2268885,9.90168132,-1.101191,0.14382765,2.44284136,-23.6763813
0.07932325,2.0568885,8.86168132,-1.141191,2.62382765,2.93284136,-12.7963813
0.07932325,1.2068885,8.90168132,-1.331191,1.44382765,2.44284136,-19.0463813
0.17932325,0.1968885,9.00168132,-1.351191,0.05382765,1.77284136,-27.4263813
0.29932325,-0.6731115,8.78168132,-1.381191,-0.94617235,1.95284136,-23.7963813
0.11932325,-0.7031115,9.36168132,-1.721191,-0.97617235,2.01284136,-26.3563813
-0.08067675,0.5768885,9.33168132,-1.961191,0.55382765,2.75284136,-18.2363813
-0.00067675,-0.0131115,6.56168132,0.178809,-0.18617235,2.20284136,-9.98638129
-0.00067675,1.0368885,7.53168132,-0.261191,1.17382765,3.11284136,-5.29638129
-0.03067675,1.4468885,7.76168132,-0.161191,1.74382765,3.17284136,-4.11638129
0.21932325,1.0568885,8.53168132,0.258809,1.08382765,3.05284136,-8.79638129
0.27932325,-0.5931115,7.10168132,0.218809,-0.90617235,1.10284136,-22.1763813
0.14932325,-1.3631115,6.60168132,-0.811191,-1.79617235,0.92284136,-22.9263813
-0.09067675,1.3868885,8.29168132,-1.431191,1.53382765,2.62284136,-14.1763813
-0.06067675,1.2168885,7.38168132,-1.501191,1.40382765,2.62284136,-10.3563813
-0.03067675,0.8668885,6.57168132,-1.361191,0.88382765,2.01284136,-11.8563813
0.26932325,0.8268885,7.39168132,-1.101191,0.92382765,1.71284136,-18.9863813
-0.06067675,0.3068885,7.86168132,-0.781191,0.27382765,1.40284136,-24.3563813
0.04932325,-0.9131115,6.72168132,-0.491191,-1.32617235,2.01284136,-11.7363813
-0.08067675,0.4568885,7.54168132,-0.301191,0.52382765,2.38284136,-11.9863813
-0.02067675,-0.1231115,8.50168132,-0.361191,-0.20617235,1.89284136,-22.6163813
0.24932325,-1.3731115,8.46168132,-0.811191,-1.77617235,2.38284136,-17.7963813
0.32932325,-1.2931115,8.21168132,-1.201191,-1.61617235,2.01284136,-19.7363813
0.29932325,0.0968885,8.11168132,-1.211191,0.03382765,1.46284136,-25.2363813
0.35932325,1.5268885,8.67168132,-0.741191,1.84382765,2.56284136,-15.2363813
0.21932325,-0.3331115,8.72168132,-0.681191,-0.50617235,2.87284136,-11.9263813
0.35932325,-2.4631115,8.18168132,-1.061191,-3.14617235,1.89284136,-20.6763813
0.52932325,-5.3031115,7.40168132,-0.691191,-6.88617235,1.71284136,-17.9263813
0.25932325,-4.9431115,6.43168132,-0.151191,-6.40617235,0.00284136,-30.4263813
0.22932325,-0.5831115,6.06168132,-0.201191,-0.80617235,-0.05715864,-29.0463813
0.25932325,-3.1231115,7.42168132,-0.581191,-4.04617235,0.61284136,-29.9863813
-0.07067675,1.0268885,9.02168132,-0.981191,1.18382765,2.50284136,-19.2363813
-0.05067675,-1.1031115,9.37168132,-0.821191,-1.58617235,2.81284136,-16.7363813
-0.04067675,-1.1931115,9.68168132,-0.691191,-1.64617235,2.87284136,-16.9863813
0.23932325,0.6968885,9.11168132,-0.391191,0.56382765,2.87284136,-13.7963813
0.47932325,-1.0531115,9.40168132,0.158809,-1.46617235,2.75284136,-15.4863813
-0.04067675,-0.3431115,9.25168132,-0.291191,-0.54617235,2.62284136,-18.1763813
0.00932325,1.7568885,8.79168132,-0.491191,1.96382765,2.87284136,-12.4863813
-0.05067675,-0.8931115,9.90168132,-0.711191,-1.24617235,3.42284136,-11.4863813
-0.02067675,1.1868885,7.82168132,-0.981191,1.26382765,2.44284136,-13.1763813
-0.05067675,1.9968885,8.96168132,-1.031191,2.42382765,2.44284136,-18.6163813
0.03932325,-0.4831115,10.1416813,-0.621191,-0.74617235,2.93284136,-18.6163813
-0.00067675,0.1668885,8.54168132,-0.511191,0.10382765,2.50284136,-15.2363813
-0.04067675,0.6668885,10.2316813,-0.851191,0.68382765,3.78284136,-8.29638129
-0.05067675,-1.0331115,10.8716813,-0.781191,-1.43617235,3.54284136,-14.9863813
-0.07067675,-1.7831115,11.3016813,-0.851191,-2.34617235,3.97284136,-11.0463813
-0.05067675,0.6368885,11.1016813,-1.161191,0.52382765,4.70284136,-0.29638129
-0.08067675,1.1268885,10.0416813,-1.411191,1.13382765,4.15284136,-3.67638129
-0.07067675,0.0368885,9.82168132,-1.241191,-0.21617235,4.03284136,-3.11638129
-0.06067675,-1.0231115,9.83168132,-0.711191,-1.48617235,4.52284136,2.70361871
-0.06067675,-0.0531115,10.2716813,0.018809,-0.29617235,4.39284136,0.51361871
-0.02067675,-1.8031115,11.7516813,0.538809,-2.31617235,4.09284136,-10.3563813
-0.07067675,-1.2531115,11.7516813,-0.171191,-1.61617235,4.27284136,-8.42638129
0.05932325,1.2368885,9.92168132,-0.461191,1.43382765,3.36284136,-11.6763813
-0.02067675,0.9568885,10.4916813,-0.691191,1.02382765,3.72284136,-8.85638129
0.02932325,0.4768885,9.61168132,-0.961191,0.39382765,2.56284136,-20.4263813
0.06932325,-0.0131115,10.4616813,-1.241191,-0.17617235,3.78284136,-10.1163813
0.04932325,1.7668885,10.6316813,-1.191191,2.07382765,4.21284136,-5.92638129
0.06932325,2.1868885,10.0016813,-1.001191,2.81382765,4.03284136,-3.48638129
0.17932325,1.3068885,9.61168132,-0.741191,1.52382765,3.30284136,-10.9263813
-0.05067675,-0.1831115,9.35168132,-0.491191,-0.43617235,2.38284136,-21.1163813
-0.11067675,0.3168885,9.91168132,-0.541191,0.35382765,2.62284136,-22.3563813
0.23932325,-1.0531115,8.57168132,-0.651191,-1.51617235,1.16284136,-29.2963813
0.20932325,-0.4431115,8.40168132,0.048809,-0.60617235,1.34284136,-26.8563813
-0.00067675,-2.7931115,9.44168132,0.138809,-3.61617235,2.81284136,-16.7363813
-0.09067675,0.5568885,8.85168132,-0.551191,0.44382765,2.93284136,-13.0463813
0.13932325,2.0368885,9.55168132,-0.581191,2.57382765,3.36284136,-10.9863813
-0.08067675,1.2168885,10.0216813,-0.501191,1.42382765,3.66284136,-9.11638129
-0.04067675,1.5068885,10.2516813,-0.421191,1.88382765,3.85284136,-6.79638129
-0.06067675,1.3968885,10.8516813,-1.781191,1.70382765,3.78284136,-10.7963813
0.25932325,1.3868885,8.11168132,-2.131191,1.59382765,2.75284136,-11.8563813
-0.04067675,1.9168885,9.75168132,-2.101191,2.40382765,3.54284136,-9.23638129
0.02932325,1.9068885,10.3716813,-1.871191,2.35382765,4.46284136,-0.54638129
-0.06067675,1.9168885,9.86168132,-1.681191,2.30382765,3.91284136,-4.79638129
0.03932325,1.0568885,9.43168132,-1.491191,1.16382765,2.81284136,-16.4863813
-0.01067675,1.4068885,9.21168132,-1.561191,1.59382765,3.17284136,-11.6163813
-0.08067675,0.6068885,10.9616813,-1.511191,0.74382765,3.42284136,-17.3563813
-0.09067675,-2.1331115,11.8416813,-1.071191,-2.79617235,3.72284136,-18.0463813
-0.07067675,-1.1931115,10.9016813,-0.761191,-1.66617235,3.85284136,-10.6163813
-0.03067675,2.1168885,10.4616813,-0.801191,2.57382765,4.21284136,-4.98638129
0.00932325,1.8468885,9.23168132,-0.711191,2.17382765,4.52284136,5.38361871
-0.08067675,1.9468885,9.97168132,-0.881191,2.39382765,4.15284136,-2.73638129
-0.03067675,2.3668885,9.29168132,-0.941191,2.92382765,3.85284136,-3.48638129
0.06932325,1.4168885,8.59168132,-0.901191,1.73382765,2.20284136,-18.9263813
0.18932325,0.3768885,8.11168132,-0.941191,0.38382765,1.77284136,-21.7363813
0.21932325,0.6968885,9.18168132,-0.631191,0.67382765,1.65284136,-28.7963813
0.17932325,-0.0831115,9.64168132,-0.651191,-0.32617235,2.14284136,-25.2963813
-0.10067675,0.0768885,9.39168132,-0.741191,-0.00617235,2.87284136,-16.5463813
-0.11067675,-1.9031115,10.7616813,-0.211191,-2.46617235,3.78284136,-11.0463813
-0.08067675,-1.5531115,10.9716813,0.078809,-2.06617235,4.27284136,-4.85638129
-0.07067675,0.8168885,10.3916813,-0.341191,0.78382765,4.46284136,-0.17638129
-0.01067675,1.6068885,8.91168132,-0.481191,1.86382765,2.87284136,-11.7963813
0.06932325,1.7268885,8.54168132,-0.281191,1.87382765,2.93284136,-11.6763813
-0.05067675,-0.9731115,9.75168132,-0.171191,-1.31617235,4.21284136,-0.92638129
0.17932325,0.6968885,11.0216813,0.208809,0.78382765,4.03284136,-7.29638129
0.36932325,1.4068885,11.1016813,0.398809,1.57382765,3.11284136,-20.4863813
0.18932325,0.2368885,9.86168132,0.258809,0.23382765,2.20284136,-24.0463813
0.06932325,-1.1831115,7.62168132,-0.301191,-1.61617235,0.92284136,-28.4263813
0.20932325,0.1268885,9.03168132,-0.641191,0.10382765,1.65284136,-27.9863813
-0.12067675,1.5068885,9.64168132,-0.661191,1.85382765,2.99284136,-15.7963813
-0.06067675,0.0468885,10.1916813,-0.581191,-0.03617235,3.23284136,-15.7963813
-0.06067675,0.2068885,10.7816813,-0.481191,0.13382765,3.85284136,-10.2363813
-0.02067675,0.8468885,11.1316813,-0.131191,1.00382765,3.78284136,-11.9263813
-0.02067675,-1.3331115,12.3416813,-0.291191,-1.63617235,4.46284136,-8.29638129
0.13932325,-1.2331115,11.3616813,-0.801191,-1.59617235,3.54284136,-15.6163813
0.20932325,-1.9431115,8.39168132,-1.311191,-2.48617235,2.38284136,-16.4263813
-0.02067675,-0.2531115,9.74168132,-1.431191,-0.35617235,3.66284136,-8.11638129
-0.10067675,0.6368885,11.1416813,-1.271191,0.74382765,4.03284136,-9.92638129
0.26932325,1.2968885,8.95168132,-1.441191,1.52382765,2.75284136,-15.0463813
0.05932325,0.3668885,8.99168132,-1.641191,0.34382765,2.87284136,-14.7963813
-0.05067675,-1.0231115,10.1116813,-1.421191,-1.39617235,4.46284136,0.82361871
-0.06067675,-0.3331115,10.3016813,-1.171191,-0.63617235,4.15284136,-3.48638129
-0.01067675,2.3068885,9.76168132,-1.351191,2.88382765,3.72284136,-7.98638129
-0.00067675,2.4868885,8.23168132,-1.461191,3.19382765,3.30284136,-5.79638129
0.01932325,1.1268885,8.43168132,-1.481191,1.45382765,2.75284136,-11.7963813
0.24932325,-0.0931115,6.50168132,-1.731191,-0.24617235,1.34284136,-18.7963813
0.10932325,1.1268885,7.32168132,-1.771191,1.20382765,1.34284136,-23.1163813
-0.02067675,2.3168885,8.45168132,-1.571191,2.96382765,2.75284136,-13.9863813
-0.10067675,1.8368885,8.86168132,-1.481191,2.17382765,3.66284136,-5.17638129
-0.08067675,1.6168885,9.57168132,-1.541191,1.92382765,3.17284136,-13.9863813
-0.07067675,1.8568885,9.64168132,-1.661191,2.18382765,3.48284136,-11.1163813
0.04932325,2.3768885,9.27168132,-1.751191,3.01382765,3.05284136,-14.1163813
-0.03067675,1.7968885,9.50168132,-1.551191,2.12382765,3.72284136,-6.92638129
-0.11067675,1.8568885,10.1716813,-1.351191,2.15382765,4.03284136,-6.48638129
-0.09067675,-0.1131115,10.1016813,-0.661191,-0.40617235,4.39284136,-0.29638129
-0.07067675,0.8068885,9.20168132,-0.341191,0.81382765,3.60284136,-5.23638129
-0.03067675,0.5868885,9.33168132,-0.741191,0.61382765,3.72284136,-5.92638129
-0.08067675,0.8068885,9.54168132,-0.741191,0.89382765,4.15284136,-0.79638129
-0.09067675,-0.5131115,10.5816813,-0.491191,-0.82617235,4.52284136,-0.29638129
-0.03067675,-0.5531115,10.7916813,-0.371191,-0.94617235,4.76284136,1.88361871
0.10932325,1.1768885,9.59168132,-0.411191,1.36382765,3.48284136,-6.42638129
-0.03067675,-1.8031115,8.58168132,-0.581191,-2.44617235,3.11284136,-8.98638129
0.01932325,0.0768885,7.39168132,-0.421191,-0.22617235,2.75284136,-9.11638129
-0.03067675,-0.8731115,7.75168132,-0.371191,-1.20617235,3.54284136,-0.79638129
-0.02067675,-2.0131115,7.87168132,-0.201191,-2.60617235,3.91284136,2.76361871
0.05932325,0.2968885,6.24168132,-0.271191,0.31382765,2.08284136,-8.11638129
0.03932325,0.7268885,6.37168132,0.418809,0.70382765,1.95284136,-11.0463813
0.10932325,0.2668885,7.85168132,1.148809,0.05382765,4.21284136,6.57361871
0.16932325,-2.9031115,9.57168132,1.108809,-3.68617235,3.60284136,-5.73638129
-0.00067675,-2.0031115,9.22168132,0.358809,-2.66617235,3.72284136,-4.29638129
-0.00067675,-1.8031115,9.13168132,0.258809,-2.34617235,2.93284136,-13.9263813
0.07932325,-1.4531115,9.64168132,0.338809,-1.88617235,3.85284136,-4.48638129
0.17932325,-1.0831115,9.97168132,-0.211191,-1.50617235,3.85284136,-6.17638129
-0.02067675,-0.1231115,8.87168132,-0.761191,-0.46617235,2.69284136,-16.7363813
-0.04067675,0.3768885,8.14168132,-0.791191,0.31382765,2.14284136,-18.1163813
-0.04067675,0.4168885,8.91168132,-0.191191,0.42382765,3.05284136,-11.6763813
0.07932325,1.3468885,8.65168132,0.418809,1.58382765,2.81284136,-11.9863813
0.30932325,2.1468885,7.89168132,0.778809,2.69382765,3.23284136,-3.29638129
0.00932325,0.3068885,7.26168132,0.378809,0.13382765,1.46284136,-19.1763813
0.10932325,-0.8631115,6.49168132,0.638809,-1.27617235,1.59284136,-13.9863813
-0.03067675,-2.3731115,8.59168132,0.718809,-3.09617235,4.03284136,3.01361871
-0.05067675,1.0368885,9.05168132,-0.361191,1.18382765,3.78284136,-4.92638129
0.18932325,0.5168885,10.6416813,-0.941191,0.42382765,3.48284136,-14.2963813
0.49932325,-1.4831115,9.03168132,-0.881191,-1.99617235,2.14284136,-22.2363813
0.43932325,-4.6031115,8.89168132,-0.521191,-5.93617235,2.01284136,-22.4863813
-0.03067675,0.1968885,8.36168132,-0.571191,0.13382765,2.14284136,-18.9263813
0.25932325,0.4268885,8.01168132,-0.621191,0.35382765,2.20284136,-17.2963813
-0.11067675,-0.6931115,9.18168132,-0.951191,-1.13617235,3.48284136,-8.98638129
-0.07067675,0.2068885,9.05168132,-1.051191,-0.04617235,3.54284136,-9.29638129
-0.01067675,-1.3231115,8.47168132,-1.031191,-1.89617235,3.54284136,-5.61638129
-0.04067675,0.3968885,10.2616813,-1.401191,0.45382765,4.58284136,0.20361871
-0.07067675,-0.4131115,10.1716813,-1.031191,-0.51617235,4.64284136,3.26361871
-0.05067675,-3.6931115,7.79168132,0.158809,-4.71617235,2.87284136,-7.61638129
0.13932325,-1.4731115,9.27168132,0.058809,-1.86617235,2.99284136,-12.6763813
-0.00067675,-0.8431115,11.2816813,-0.341191,-1.17617235,4.94284136,2.57361871
-0.02067675,-1.1031115,12.2516813,-0.311191,-1.36617235,5.13284136,1.70361871
0.01932325,0.1768885,12.7416813,-0.311191,0.16382765,5.37284136,4.32361871
-0.05067675,-0.3031115,12.0416813,-0.421191,-0.47617235,5.25284136,3.20361871
0.07932325,-0.3731115,12.6916813,0.078809,-0.40617235,4.33284136,-9.67638129
0.49932325,0.2768885,12.7216813,0.058809,0.52382765,3.42284136,-24.8563813
-0.08067675,-2.1431115,10.9116813,-0.141191,-2.71617235,3.91284136,-8.73638129
0.04932325,-0.2631115,11.5516813,-0.411191,-0.42617235,4.09284136,-10.1163813
0.06932325,-1.7731115,9.06168132,-0.051191,-2.36617235,3.30284136,-9.35638129
-0.07067675,-1.5231115,10.2016813,0.378809,-1.84617235,3.42284136,-13.1163813
0.34932325,-1.9731115,12.3016813,0.308809,-2.43617235,4.15284136,-11.0463813
0.05932325,-2.6231115,13.4316813,-0.101191,-3.33617235,5.00284136,-4.04638129
0.07932325,-1.4131115,13.0116813,-0.461191,-1.80617235,4.70284136,-7.29638129
-0.06067675,1.0168885,12.2416813,-1.081191,1.27382765,4.82284136,-2.92638129
-0.09067675,1.3868885,12.1516813,-1.271191,1.62382765,5.49284136,7.32361871
-0.08067675,-1.9131115,12.9716813,-1.171191,-2.54617235,5.25284136,1.38361871
-0.06067675,-2.6931115,12.2216813,-1.151191,-3.47617235,5.00284136,-1.35638129
-0.07067675,-0.6731115,10.1516813,-1.311191,-0.93617235,4.64284136,3.01361871
-0.06067675,-0.5231115,8.23168132,-1.151191,-0.75617235,3.91284136,1.95361871
-0.08067675,1.5768885,7.89168132,-1.301191,1.76382765,2.93284136,-8.42638129
-0.07067675,-1.3331115,8.87168132,-1.051191,-1.87617235,3.66284136,-5.73638129
-0.06067675,-0.5831115,9.31168132,-0.851191,-0.91617235,4.03284136,-2.61638129
-0.07067675,0.5368885,8.75168132,-0.971191,0.45382765,3.91284136,-0.79638129
-0.06067675,-2.0331115,8.22168132,-0.621191,-2.69617235,4.09284136,4.07361871
-0.00067675,1.1568885,7.90168132,-0.691191,1.31382765,3.97284136,4.07361871
-0.08067675,1.2768885,7.50168132,-0.881191,1.28382765,3.05284136,-5.61638129
-0.07067675,0.9668885,8.37168132,-0.771191,0.96382765,3.11284136,-7.54638129
-0.01067675,-0.9831115,7.99168132,-0.451191,-1.47617235,3.54284136,-3.11638129
0.13932325,0.4968885,7.03168132,-0.441191,0.42382765,2.93284136,-4.17638129
-0.02067675,-1.2731115,5.19168132,0.508809,-1.69617235,0.67284136,-17.6163813
-0.04067675,-0.1231115,4.66168132,0.218809,-0.41617235,1.46284136,-8.35638129
-0.02067675,0.6068885,7.95168132,-0.171191,0.49382765,3.05284136,-7.73638129
-0.05067675,1.4368885,7.88168132,-0.101191,1.65382765,3.36284136,-3.92638129
-0.03067675,-0.8731115,7.39168132,0.448809,-1.28617235,2.99284136,-2.29638129
0.17932325,-1.2031115,4.93168132,0.888809,-1.67617235,1.28284136,-9.67638129
-0.00067675,-0.4331115,5.04168132,0.458809,-0.75617235,0.98284136,-14.4863813
-0.07067675,0.6268885,6.76168132,-0.171191,0.59382765,2.50284136,-8.48638129
-0.05067675,0.5568885,8.89168132,-0.051191,0.49382765,3.97284136,0.07361871
-0.01067675,0.2568885,6.96168132,0.868809,0.16382765,2.20284136,-9.79638129
0.22932325,0.6468885,9.66168132,1.258809,0.81382765,2.38284136,-20.4863813
0.03932325,0.9368885,8.79168132,0.978809,1.03382765,1.89284136,-23.1163813
0.14932325,1.2668885,10.0016813,1.098809,1.50382765,2.75284136,-17.9263813
0.01932325,-0.1931115,9.11168132,0.248809,-0.49617235,1.46284136,-29.5463813
-0.03067675,1.1268885,7.62168132,-0.571191,1.25382765,1.34284136,-22.4863813
-0.09067675,0.8368885,8.11168132,-0.731191,0.85382765,2.20284136,-17.4863813
0.20932325,0.4868885,8.40168132,-0.571191,0.49382765,1.53284136,-26.2963813
0.29932325,-1.7531115,7.55168132,-0.141191,-2.32617235,1.65284136,-19.6763813
0.20932325,-1.9531115,8.25168132,0.298809,-2.48617235,1.40284136,-25.5463813
0.17932325,0.3068885,8.04168132,0.398809,0.33382765,1.46284136,-23.8563813
-0.09067675,0.1668885,9.05168132,-0.011191,-0.00617235,2.75284136,-15.4863813
-0.11067675,-0.3231115,10.2016813,-0.251191,-0.58617235,3.30284136,-14.0463813
-0.09067675,0.1968885,9.29168132,-0.031191,-0.03617235,3.97284136,-1.98638129
0.27932325,0.8368885,9.77168132,0.618809,0.77382765,4.21284136,0.76361871
0.07932325,1.3968885,7.47168132,1.278809,1.73382765,3.23284136,-1.17638129
0.00932325,-0.1331115,8.03168132,0.788809,-0.31617235,2.32284136,-14.4263813
-0.08067675,0.3868885,9.75168132,-0.101191,0.26382765,3.72284136,-7.29638129
0.10932325,1.0368885,8.03168132,0.108809,1.00382765,3.85284136,3.07361871
0.07932325,1.3968885,7.45168132,0.818809,1.52382765,2.93284136,-3.85638129
-0.06067675,-0.3531115,6.93168132,0.908809,-0.72617235,2.56284136,-7.54638129
-0.05067675,1.2168885,6.58168132,0.408809,1.51382765,2.14284136,-10.1763813
-0.05067675,1.1968885,7.34168132,-0.241191,1.29382765,3.60284136,0.01361871
0.15932325,1.7468885,6.86168132,0.108809,1.91382765,3.97284136,7.38361871
-0.03067675,-0.2231115,7.47168132,0.608809,-0.40617235,5.31284136,20.3836187
-0.03067675,-1.7631115,8.84168132,0.278809,-2.32617235,4.39284136,3.95361871
-0.03067675,0.5468885,9.32168132,0.088809,0.63382765,5.13284136,11.9536187
-0.00067675,2.5468885,7.06168132,0.488809,3.22382765,4.03284136,8.57361871
0.03932325,-1.3031115,9.04168132,0.438809,-1.80617235,4.82284136,9.82361871
-0.04067675,-0.6931115,10.1316813,-0.041191,-0.93617235,4.64284136,2.82361871
0.07932325,-1.7031115,8.83168132,0.408809,-2.18617235,3.78284136,-0.42638129
0.14932325,0.1668885,7.94168132,0.648809,0.14382765,3.17284136,-4.98638129
0.01932325,0.8368885,9.09168132,0.408809,0.92382765,3.60284136,-3.92638129
0.20932325,-0.5731115,8.64168132,0.168809,-0.81617235,2.75284136,-13.1163813
0.23932325,-0.5431115,7.97168132,-0.111191,-0.84617235,1.83284136,-20.1763813
0.06932325,1.1268885,8.18168132,-0.601191,1.45382765,2.38284136,-16.6163813
-0.03067675,2.0868885,8.36168132,-0.771191,2.58382765,2.26284136,-17.8563813
0.03932325,1.5568885,8.32168132,-0.671191,1.81382765,1.28284136,-28.3563813
0.01932325,1.8268885,7.69168132,-0.551191,2.06382765,1.22284136,-24.9263813
0.14932325,1.3068885,7.43168132,-0.481191,1.41382765,2.26284136,-13.6163813
-0.09067675,1.8468885,7.43168132,-0.661191,2.14382765,2.99284136,-5.48638129
-0.05067675,1.4068885,7.47168132,-0.531191,1.52382765,3.78284136,2.45361871
0.03932325,1.4568885,5.92168132,-0.611191,1.49382765,4.03284136,10.2036187
0.13932325,1.2868885,6.66168132,-0.801191,1.37382765,3.30284136,1.51361871
0.06932325,-0.9931115,6.84168132,-0.501191,-1.41617235,1.71284136,-15.6763813
0.08932325,-1.4331115,7.33168132,-0.241191,-1.97617235,2.14284136,-14.5463813
0.26932325,0.0068885,7.59168132,0.008809,-0.10617235,1.34284136,-22.5463813
0.36932325,0.4868885,6.59168132,-0.061191,0.34382765,0.67284136,-25.4263813
0.13932325,0.0168885,7.14168132,-0.741191,-0.22617235,0.85284136,-26.2363813
-0.01067675,1.0868885,7.47168132,-1.161191,1.18382765,1.10284136,-25.9263813
-0.07067675,2.4268885,7.33168132,-1.431191,2.93382765,2.08284136,-15.9263813
-0.05067675,0.5368885,7.55168132,-1.381191,0.45382765,2.50284136,-12.5463813
-0.07067675,2.3068885,7.44168132,-1.231191,2.81382765,2.50284136,-12.2963813
-0.04067675,2.1668885,9.26168132,-0.031191,2.68382765,4.33284136,2.01361871
0.32932325,1.3868885,8.81168132,-0.031191,1.63382765,3.78284136,-0.85638129
0.19932325,-0.3431115,8.70168132,-0.301191,-0.68617235,2.93284136,-13.1763813
-0.07067675,-0.3131115,7.85168132,-0.851191,-0.61617235,2.32284136,-16.0463813
0.05932325,-1.5131115,8.50168132,-0.741191,-1.95617235,2.87284136,-11.7363813
0.13932325,0.6668885,7.93168132,-0.711191,0.75382765,1.77284136,-17.9263813
0.00932325,2.2268885,6.70168132,-1.021191,2.77382765,0.49284136,-27.2363813
0.02932325,2.2968885,6.92168132,-1.421191,2.76382765,1.46284136,-19.3563813
0.07932325,1.7268885,8.14168132,-1.511191,2.02382765,2.32284136,-17.4263813
-0.00067675,2.2468885,8.23168132,-1.531191,2.81382765,2.20284136,-19.1763813
-0.08067675,1.2668885,8.78168132,-1.371191,1.42382765,3.05284136,-12.1163813
-0.00067675,0.8768885,9.01168132,-1.181191,0.81382765,3.72284136,-4.54638129
-0.07067675,0.9768885,8.19168132,-0.651191,0.92382765,3.48284136,-3.04638129
0.05932325,0.1968885,8.68168132,-0.351191,0.04382765,3.48284136,-4.35638129
0.44932325,-1.1731115,8.50168132,-0.641191,-1.50617235,2.32284136,-17.5463813
-0.13067675,0.1868885,9.83168132,-0.721191,0.06382765,3.42284136,-12.1163813
-0.03067675,-0.3731115,9.61168132,-0.471191,-0.58617235,3.60284136,-7.61638129
-0.07067675,-0.9631115,9.37168132,-0.601191,-1.40617235,3.23284136,-10.8563813
-0.06067675,-2.0931115,10.3616813,-0.471191,-2.80617235,4.52284136,0.01361871
0.04932325,-2.6631115,8.72168132,0.168809,-3.38617235,3.72284136,-0.29638129
-0.02067675,-2.0431115,10.0016813,-0.011191,-2.75617235,4.52284136,2.38361871
-0.06067675,-0.7831115,10.4916813,-0.201191,-1.08617235,4.39284136,-1.85638129
-0.07067675,0.5868885,11.5716813,-0.221191,0.46382765,5.07284136,2.70361871
-0.08067675,1.6968885,10.5016813,0.198809,1.94382765,4.70284136,3.32361871
-0.08067675,1.4168885,8.05168132,0.538809,1.47382765,2.87284136,-9.29638129
-0.03067675,1.6468885,9.72168132,0.068809,1.99382765,2.87284136,-16.5463813
0.13932325,1.6968885,9.65168132,-0.171191,2.05382765,2.75284136,-18.0463813
-0.03067675,2.4468885,8.22168132,0.088809,3.05382765,2.99284136,-9.29638129
0.03932325,0.9668885,7.54168132,0.478809,0.87382765,1.16284136,-24.0463813
0.12932325,1.4168885,7.20168132,-0.011191,1.40382765,0.31284136,-28.7363813
0.10932325,0.8868885,7.01168132,0.348809,1.03382765,1.95284136,-14.2363813
-0.01067675,-0.7331115,11.8216813,0.508809,-0.97617235,3.30284136,-20.4863813
-0.03067675,-2.0931115,11.3316813,0.118809,-2.69617235,3.66284136,-14.1163813
0.03932325,-1.4331115,10.4716813,-0.391191,-1.90617235,3.23284136,-16.6163813
0.00932325,-0.0031115,9.16168132,-0.611191,-0.32617235,3.17284136,-11.9263813
-0.03067675,0.9468885,8.56168132,-0.591191,0.90382765,2.38284136,-17.1163813
-0.01067675,1.8768885,8.90168132,-0.881191,2.18382765,1.83284136,-24.2963813
-0.03067675,-0.4931115,9.64168132,-0.781191,-0.76617235,3.17284136,-14.2363813
-0.04067675,-1.7331115,10.3716813,-0.181191,-2.31617235,4.09284136,-4.67638129
-0.05067675,-0.4231115,11.5716813,0.248809,-0.73617235,4.52284136,-4.04638129
0.18932325,-0.1931115,10.1916813,0.738809,-0.43617235,4.94284136,8.38361871
-0.07067675,-0.7431115,11.0516813,-0.001191,-1.00617235,4.39284136,-3.04638129
-0.03067675,1.7268885,9.64168132,-0.571191,1.95382765,3.66284136,-5.98638129
-0.04067675,0.4868885,8.64168132,-0.271191,0.55382765,2.87284136,-13.1763813
0.27932325,1.4468885,10.0616813,-0.281191,1.63382765,2.93284136,-16.9263813
0.39932325,0.6868885,9.27168132,-0.141191,0.86382765,2.44284136,-17.7963813
0.20932325,1.0968885,8.20168132,-0.131191,1.25382765,1.22284136,-27.2363813
0.12932325,1.6368885,7.18168132,-0.121191,1.95382765,0.43284136,-29.7363813
0.01932325,2.3468885,7.86168132,0.038809,2.95382765,1.95284136,-18.2363813
0.17932325,1.3168885,10.2416813,0.328809,1.57382765,2.14284136,-27.1163813
0.17932325,-0.1931115,9.47168132,0.048809,-0.30617235,1.77284136,-28.1163813
0.01932325,-1.3031115,8.76168132,-0.551191,-1.74617235,1.71284136,-25.4263813
0.01932325,2.1468885,9.17168132,-0.711191,2.63382765,2.56284136,-18.4863813
-0.09067675,1.3068885,8.39168132,-0.561191,1.57382765,1.71284136,-24.5463813
0.17932325,-0.3431115,8.58168132,-0.411191,-0.63617235,1.04284136,-31.1763813
0.28932325,-1.0731115,8.55168132,-0.821191,-1.45617235,1.65284136,-24.7363813
-0.11067675,0.5068885,10.1316813,-0.971191,0.46382765,3.11284136,-17.3563813
-0.12067675,-2.2231115,10.3216813,-0.321191,-2.90617235,3.30284136,-14.6763813
0.02932325,-0.7131115,9.39168132,-0.081191,-1.07617235,3.23284136,-10.9263813
-0.07067675,-1.2331115,8.83168132,0.228809,-1.64617235,2.81284136,-13.4263813
0.03932325,-1.2031115,10.2316813,0.198809,-1.68617235,3.78284136,-8.23638129
0.18932325,-0.0131115,14.6416813,0.078809,-0.00617235,4.88284136,-10.9863813
-0.07067675,1.0768885,12.2416813,-0.821191,1.14382765,4.27284136,-10.4263813
-0.07067675,0.6668885,11.6316813,-0.991191,0.83382765,4.27284136,-9.48638129
-0.05067675,0.3068885,11.3216813,-1.081191,0.32382765,3.78284136,-12.9263813
0.08932325,0.4868885,11.1916813,-1.181191,0.57382765,3.78284136,-13.1763813
-0.08067675,0.9168885,11.3316813,-0.971191,0.94382765,4.39284136,-5.61638129
-0.08067675,1.1368885,12.0716813,-0.821191,1.17382765,4.82284136,-2.42638129
-0.04067675,1.6468885,11.4716813,-0.861191,1.89382765,4.64284136,-2.48638129
-0.05067675,1.1468885,11.3316813,-0.831191,1.11382765,4.52284136,-3.48638129
0.06932325,1.6668885,11.1016813,-0.701191,2.06382765,4.52284136,-1.23638129
-0.07067675,2.2568885,10.4316813,-0.751191,2.81382765,4.52284136,0.45361871
-0.08067675,1.2568885,10.8616813,-1.081191,1.36382765,2.99284136,-21.0463813
0.10932325,1.2768885,10.6016813,-0.851191,1.42382765,2.81284136,-22.4863813
0.03932325,1.1068885,11.0316813,-0.261191,1.24382765,3.97284136,-9.61638129
-0.09067675,-0.2431115,12.6916813,-0.051191,-0.53617235,4.39284136,-10.4263813
-0.07067675,0.7668885,12.1916813,-0.391191,0.65382765,4.76284136,-3.85638129
-0.08067675,0.3568885,11.1816813,-0.601191,0.13382765,5.19284136,6.32361871
-0.10067675,0.8468885,10.8216813,-0.451191,0.80382765,4.39284136,-2.42638129
-0.09067675,-0.2231115,11.3916813,-0.211191,-0.40617235,3.85284136,-13.7363813
-0.10067675,0.1468885,10.7216813,0.138809,0.07382765,3.97284136,-8.79638129
0.19932325,-1.5831115,10.4716813,-0.571191,-2.15617235,2.56284136,-24.5463813
0.29932325,0.8868885,10.9416813,-0.761191,0.97382765,2.93284136,-22.6163813
-0.12067675,0.0468885,11.8416813,-0.471191,-0.17617235,4.52284136,-5.42638129
-0.11067675,-1.6531115,11.7716813,0.168809,-2.23617235,4.33284136,-6.92638129
-0.01067675,1.6668885,11.3916813,-0.011191,2.02382765,4.39284136,-4.79638129
-0.08067675,1.1868885,11.1316813,-0.391191,1.33382765,4.58284136,-1.98638129
-0.05067675,1.9468885,9.00168132,-0.701191,2.38382765,3.97284136,-1.54638129
-0.08067675,1.9168885,8.06168132,-1.361191,2.16382765,1.53284136,-24.3563813
0.00932325,0.0968885,9.45168132,-1.171191,-0.09617235,3.42284136,-10.8563813
-0.09067675,0.0168885,9.07168132,-0.771191,-0.16617235,4.33284136,3.38361871
-0.10067675,1.2668885,9.08168132,-1.231191,1.28382765,3.11284136,-12.1163813
-0.08067675,1.8268885,9.57168132,-1.571191,2.15382765,3.54284136,-8.11638129
-0.04067675,-0.5731115,10.6116813,-0.421191,-0.75617235,4.58284136,0.64361871
-0.03067675,-3.0131115,10.9316813,-0.371191,-3.82617235,5.49284136,11.4536187
-0.07067675,0.4468885,9.79168132,-0.611191,0.43382765,5.25284136,13.5136187
-0.03067675,-1.1731115,9.25168132,-0.661191,-1.57617235,4.46284136,5.45361871
-0.07067675,-0.7131115,8.00168132,-0.591191,-0.93617235,4.21284136,5.95361871
-0.03067675,-1.6831115,8.20168132,-0.231191,-2.23617235,4.33284136,6.76361871
-0.07067675,0.5768885,7.75168132,0.108809,0.44382765,5.13284136,17.3836187
-0.07067675,0.6068885,9.15168132,-0.091191,0.52382765,4.03284136,1.07361871
-0.08067675,2.1968885,9.07168132,-0.861191,2.73382765,4.94284136,10.6436187
-0.07067675,1.9168885,9.63168132,-0.831191,2.29382765,5.07284136,11.2636187
-0.07067675,1.0568885,10.3616813,-0.551191,1.02382765,5.55284136,15.6436187
-0.01067675,0.9868885,8.99168132,0.228809,1.02382765,5.07284136,14.5136187
0.02932325,-0.7931115,8.53168132,0.918809,-1.00617235,5.07284136,15.3836187
0.20932325,-1.0831115,8.77168132,0.838809,-1.38617235,2.50284136,-15.4263813
0.12932325,0.3468885,8.73168132,0.018809,0.25382765,2.38284136,-18.9863813
0.02932325,0.9768885,8.82168132,-0.461191,1.01382765,2.87284136,-13.4263813
0.03932325,-0.1031115,8.22168132,-0.581191,-0.35617235,3.78284136,-0.17638129
-0.08067675,0.6968885,8.97168132,-0.691191,0.67382765,3.91284136,-1.85638129
0.09932325,-1.9331115,8.16168132,-0.231191,-2.54617235,4.21284136,4.57361871
0.06932325,-2.2331115,8.65168132,0.068809,-2.82617235,2.99284136,-9.98638129
0.03932325,-1.2631115,8.52168132,-0.681191,-1.74617235,3.11284136,-9.73638129
-0.07067675,0.7168885,9.04168132,-1.001191,0.71382765,3.60284136,-7.11638129
-0.07067675,-2.1531115,9.29168132,-0.831191,-2.83617235,4.70284136,6.64361871
-0.09067675,-2.1931115,8.44168132,-0.701191,-2.90617235,4.88284136,12.2036187
-0.09067675,-0.9931115,8.35168132,-0.511191,-1.53617235,5.00284136,14.0136187
-0.05067675,1.8868885,8.44168132,-0.301191,2.13382765,4.52284136,8.76361871
-0.04067675,-1.0131115,8.82168132,-0.111191,-1.46617235,4.46284136,6.20361871
0.06932325,-2.0831115,6.59168132,0.628809,-2.76617235,3.60284136,6.32361871
0.12932325,-3.4931115,6.88168132,1.118809,-4.54617235,3.66284136,5.32361871
-0.03067675,-1.0531115,8.59168132,0.468809,-1.40617235,4.33284136,5.07361871
0.03932325,-0.8531115,9.74168132,0.058809,-1.18617235,4.64284136,5.20361871
0.19932325,-0.9731115,8.37168132,-0.871191,-1.36617235,3.17284136,-6.98638129
0.27932325,-0.5631115,9.39168132,-1.371191,-0.79617235,2.44284136,-20.2963813
0.24932325,-1.0131115,9.70168132,-0.631191,-1.35617235,2.81284136,-17.9263813
0.17932325,-1.8331115,9.55168132,-0.781191,-2.41617235,3.23284136,-11.4863813
0.15932325,-0.2631115,11.6116813,-1.391191,-0.48617235,4.58284136,-2.73638129
-0.04067675,1.3268885,12.0416813,-1.411191,1.70382765,5.25284136,4.57361871
-0.05067675,1.1968885,12.4816813,-1.171191,1.41382765,5.55284136,8.14361871
-0.03067675,1.6468885,10.4816813,-1.211191,1.96382765,4.58284136,1.70361871
-0.04067675,1.2268885,9.26168132,-1.621191,1.27382765,2.56284136,-19.8563813
-0.07067675,1.9568885,9.18168132,-1.741191,2.33382765,3.30284136,-10.2963813
-0.07067675,1.3768885,9.47168132,-1.581191,1.50382765,4.64284136,5.88361871
-0.04067675,1.8468885,9.96168132,-1.401191,2.31382765,4.39284136,0.32361871
-0.00067675,1.0168885,9.46168132,-1.311191,1.17382765,3.30284136,-11.7363813
0.00932325,-0.7331115,10.5416813,-0.831191,-1.09617235,4.27284136,-3.29638129
-0.02067675,0.2068885,10.0416813,-0.421191,0.13382765,3.48284136,-10.6763813
-0.05067675,0.4168885,9.61168132,-0.291191,0.42382765,3.17284136,-13.8563813
-0.04067675,0.9568885,9.57168132,-0.371191,1.04382765,3.36284136,-10.4263813
-0.06067675,1.8368885,10.5916813,-0.751191,2.20382765,4.09284136,-7.35638129
-0.07067675,2.0168885,10.3016813,-0.911191,2.55382765,4.70284136,2.38361871
-0.03067675,1.6268885,10.5016813,-1.301191,2.04382765,4.15284136,-4.73638129
-0.08067675,1.0268885,10.7816813,-1.361191,1.07382765,4.39284136,-4.04638129
-0.06067675,-1.9431115,11.0216813,-0.871191,-2.64617235,5.13284136,5.82361871
-0.06067675,0.6168885,10.1316813,-0.661191,0.64382765,4.27284136,0.07361871
-0.00067675,-0.6931115,8.74168132,-0.401191,-1.17617235,4.09284136,0.51361871
-0.05067675,0.3868885,8.75168132,-0.711191,0.19382765,3.54284136,-5.98638129
-0.07067675,1.5568885,8.88168132,-1.181191,1.88382765,3.48284136,-8.17638129
-0.07067675,1.4968885,8.77168132,-1.301191,1.74382765,3.72284136,-3.35638129
-0.09067675,0.1268885,8.46168132,-1.241191,-0.13617235,4.52284136,6.45361871
-0.07067675,1.7168885,7.91168132,-1.391191,1.91382765,3.66284136,-0.67638129
0.02932325,2.3868885,7.25168132,-1.391191,2.99382765,1.53284136,-21.5463813
-0.07067675,1.4368885,6.86168132,-1.161191,1.48382765,2.50284136,-10.9263813
-0.07067675,-0.4231115,8.45168132,-0.491191,-0.70617235,3.42284136,-5.79638129
-0.04067675,-1.1931115,7.76168132,-0.631191,-1.68617235,3.85284136,1.82361871
-0.03067675,-2.4831115,7.54168132,-0.401191,-3.22617235,4.58284136,12.0736187
-0.07067675,-1.2331115,7.47168132,0.008809,-1.67617235,4.52284136,12.0736187
-0.08067675,1.2868885,7.32168132,0.258809,1.38382765,3.17284136,-2.48638129
0.00932325,-1.6031115,7.49168132,0.668809,-2.18617235,3.72284136,2.07361871
-0.07067675,-1.5631115,8.57168132,0.188809,-2.01617235,4.21284136,3.88361871
-0.02067675,-1.3731115,9.25168132,0.098809,-1.85617235,4.52284136,5.45361871
0.04932325,-1.6531115,9.11168132,0.578809,-2.18617235,4.27284136,4.07361871
0.07932325,-0.1031115,8.28168132,1.018809,-0.22617235,2.99284136,-5.67638129
0.46932325,-4.5231115,9.89168132,1.658809,-5.93617235,2.75284136,-17.7363813
0.08932325,1.2168885,9.44168132,-0.191191,1.28382765,2.50284136,-20.4863813
0.23932325,-1.5231115,8.65168132,-0.681191,-2.05617235,1.40284136,-28.4263813
0.28932325,-2.2931115,8.86168132,-1.261191,-2.90617235,2.20284136,-20.4863813
0.06932325,-2.0531115,6.89168132,-1.381191,-2.66617235,0.85284136,-24.9863813
0.35932325,-0.1831115,6.30168132,-0.771191,-0.37617235,0.31284136,-27.5463813
0.03932325,-2.3231115,8.04168132,-0.061191,-2.99617235,2.38284136,-13.7363813
-0.03067675,-1.0231115,9.04168132,-0.451191,-1.33617235,2.81284136,-14.6763813
-0.10067675,0.4668885,9.60168132,-0.581191,0.42382765,3.54284136,-8.79638129
-0.07067675,-1.8231115,10.5016813,-0.191191,-2.30617235,3.91284136,-7.54638129
-0.03067675,-1.1631115,10.4616813,0.108809,-1.57617235,4.03284136,-5.98638129
-0.07067675,0.3768885,8.58168132,0.048809,0.29382765,3.54284136,-3.67638129
0.27932325,-0.4331115,9.86168132,0.088809,-0.69617235,2.87284136,-16.2963813
-0.11067675,-0.3431115,9.84168132,0.138809,-0.59617235,3.85284136,-5.92638129
0.13932325,-2.1031115,9.72168132,0.348809,-2.72617235,3.23284136,-11.7363813
0.31932325,-2.8831115,9.40168132,0.138809,-3.78617235,2.87284136,-14.6163813
0.09932325,-0.6031115,9.29168132,-0.291191,-0.89617235,3.11284136,-12.6163813
-0.00067675,0.5068885,9.58168132,-0.481191,0.45382765,3.42284136,-10.9863813
-0.10067675,-1.4431115,9.03168132,0.118809,-1.97617235,3.17284136,-10.2363813
0.14932325,0.0268885,10.0016813,0.598809,-0.00617235,3.66284136,-7.23638129
-0.07067675,-4.2231115,12.2416813,1.028809,-5.45617235,4.88284136,-1.48638129
0.00932325,-2.0531115,10.4116813,0.448809,-2.73617235,3.48284136,-11.9863813
0.24932325,-1.5531115,11.7016813,0.758809,-2.17617235,3.97284136,-11.2963813
-0.04067675,-1.0831115,10.8416813,1.118809,-1.50617235,3.72284136,-10.8563813
-0.04067675,0.1068885,10.4716813,0.098809,0.07382765,3.42284136,-14.7963813
-0.09067675,0.9568885,10.5716813,-0.481191,1.09382765,4.03284136,-6.85638129
-0.09067675,0.4468885,11.6416813,-0.871191,0.36382765,4.09284136,-10.6763813
-0.07067675,-1.1931115,12.2216813,-0.671191,-1.60617235,4.76284136,-3.54638129
-0.10067675,0.0668885,12.1016813,-0.431191,-0.00617235,4.88284136,-0.17638129
0.03932325,-0.8331115,10.7716813,-0.471191,-1.30617235,3.85284136,-8.73638129
-0.04067675,-0.9631115,8.04168132,-0.321191,-1.34617235,2.26284136,-16.6163813
-0.07067675,1.1668885,7.18168132,-0.671191,1.27382765,1.71284136,-18.2363813
-0.08067675,0.5668885,8.09168132,-0.841191,0.56382765,2.08284136,-18.6763813
-0.06067675,-2.0831115,8.04168132,-0.441191,-2.75617235,2.32284136,-15.4263813
-0.09067675,-1.5831115,8.41168132,0.068809,-2.16617235,2.87284136,-11.4263813
-0.04067675,0.5568885,8.65168132,0.058809,0.42382765,2.01284136,-21.0463813
-0.08067675,1.4968885,9.93168132,-0.421191,1.79382765,2.69284136,-21.1163813
-0.08067675,1.8468885,8.98168132,-0.211191,2.24382765,2.75284136,-15.5463813
0.01932325,0.0468885,9.32168132,0.418809,-0.26617235,3.05284136,-13.0463813
-0.04067675,1.2068885,9.39168132,0.478809,1.44382765,2.81284136,-15.5463813
0.28932325,-2.1031115,8.70168132,0.478809,-2.67617235,2.44284136,-15.7363813
0.46932325,-2.4731115,9.93168132,0.888809,-3.20617235,2.62284136,-19.7963813
0.23932325,-0.2631115,9.22168132,0.028809,-0.55617235,2.93284136,-13.6763813
-0.00067675,-0.4731115,8.81168132,-0.011191,-0.79617235,2.99284136,-11.2963813
0.10932325,-0.7931115,9.26168132,0.268809,-1.08617235,2.87284136,-13.4263813
0.07932325,-0.3131115,9.08168132,-0.031191,-0.48617235,2.75284136,-15.4863813
-0.05067675,-0.8331115,8.74168132,0.198809,-1.20617235,2.44284136,-17.4263813
-0.09067675,-1.1231115,8.23168132,0.528809,-1.51617235,2.56284136,-13.2363813
-0.03067675,-2.0331115,7.07168132,0.768809,-2.64617235,2.14284136,-11.8563813
-0.12067675,0.1868885,10.7616813,0.008809,0.17382765,4.64284136,1.38361871
-0.07067675,0.2368885,11.2916813,-0.611191,0.09382765,4.39284136,-3.79638129
-0.03067675,1.3368885,10.6416813,-1.301191,1.44382765,3.85284136,-9.85638129
-0.01067675,-0.0231115,10.8016813,-0.961191,-0.15617235,3.72284136,-12.8563813
0.13932325,0.6368885,8.66168132,-1.211191,0.70382765,3.11284136,-11.0463813
-0.03067675,-0.2631115,8.07168132,-1.211191,-0.50617235,2.69284136,-12.9863813
0.00932325,-0.4631115,9.64168132,-1.741191,-0.76617235,3.05284136,-16.2363813
-0.07067675,0.4968885,10.3216813,-2.061191,0.55382765,3.97284136,-7.73638129
-0.03067675,1.0968885,11.4316813,-1.841191,1.29382765,5.07284136,2.32361871
0.03932325,0.2668885,10.2316813,-1.841191,0.19382765,2.99284136,-17.7963813
-0.00067675,1.7168885,9.44168132,-1.831191,2.13382765,3.05284136,-14.9263813
-0.04067675,1.4568885,10.2516813,-1.691191,1.72382765,3.78284136,-8.48638129
-0.07067675,1.5068885,9.67168132,-1.621191,1.73382765,3.72284136,-6.73638129
-0.01067675,2.2368885,8.55168132,-1.371191,2.82382765,3.54284136,-3.73638129
0.11932325,1.5668885,8.64168132,-1.241191,1.85382765,2.14284136,-20.6163813
0.05932325,1.3368885,8.81168132,-1.121191,1.61382765,2.75284136,-15.6763813
0.12932325,0.9968885,9.60168132,-0.961191,1.11382765,3.48284136,-9.79638129
-0.03067675,0.5568885,9.82168132,-0.951191,0.67382765,3.48284136,-11.8563813
-0.04067675,1.0268885,10.7416813,-0.871191,1.23382765,4.03284136,-8.23638129
-0.03067675,0.6668885,10.9416813,-0.921191,0.81382765,3.66284136,-14.2963813
-0.00067675,-1.4431115,11.8216813,-0.531191,-1.97617235,4.39284136,-7.79638129
0.11932325,-3.4131115,11.2616813,0.688809,-4.36617235,4.64284136,-0.54638129
0.40932325,-5.8831115,8.36168132,0.508809,-7.68617235,3.66284136,-0.42638129
0.07932325,-0.7031115,8.65168132,-0.201191,-1.11617235,3.05284136,-11.4263813
-0.02067675,-0.6731115,8.53168132,-0.091191,-1.00617235,3.54284136,-4.48638129
-0.07067675,2.0868885,8.61168132,-0.201191,2.49382765,3.05284136,-9.61638129
-0.03067675,-0.2031115,9.24168132,0.528809,-0.44617235,3.91284136,-2.61638129
-0.00067675,-0.8731115,9.90168132,1.228809,-1.32617235,4.27284136,1.57361871
0.02932325,-2.9231115,14.8616813,1.048809,-3.73617235,5.80284136,4.07361871
0.03932325,-1.2031115,15.0016813,0.738809,-1.54617235,6.16284136,9.38361871
0.05932325,1.0068885,14.0416813,0.718809,1.17382765,5.43284136,1.70361871
-0.00067675,-2.0431115,13.7116813,0.628809,-2.74617235,5.31284136,-0.54638129
-0.02067675,0.8468885,13.2616813,0.028809,1.06382765,4.94284136,-4.67638129
-0.05067675,0.5568885,12.5916813,-0.581191,0.45382765,4.52284136,-8.04638129
-0.04067675,-1.6631115,11.6616813,-0.341191,-2.21617235,4.27284136,-6.79638129
0.25932325,1.5668885,10.5516813,-0.191191,1.79382765,3.72284136,-11.4263813
-0.07067675,0.6268885,11.1216813,-0.001191,0.52382765,4.21284136,-6.11638129
-0.04067675,0.1168885,11.6616813,0.148809,0.05382765,4.09284136,-10.2363813
-0.05067675,0.6368885,12.6416813,0.078809,0.63382765,4.58284136,-7.61638129
-0.08067675,0.8768885,12.2916813,-0.281191,0.84382765,4.76284136,-3.42638129
-0.08067675,0.9968885,12.0816813,-0.311191,1.13382765,4.94284136,0.70361871
0.26932325,-1.5331115,10.8916813,0.448809,-2.22617235,3.30284136,-16.3563813
0.01932325,0.0868885,11.9116813,0.148809,0.06382765,2.99284136,-26.1163813
0.17932325,-1.1231115,9.97168132,-0.671191,-1.46617235,2.44284136,-23.7363813
-0.07067675,0.4168885,11.3216813,-0.881191,0.26382765,3.54284136,-17.6763813
-0.07067675,0.3668885,11.8216813,-1.041191,0.41382765,3.60284136,-18.4263813
0.07932325,1.7868885,11.8816813,-1.071191,2.16382765,4.33284136,-8.48638129
0.05932325,1.7068885,11.5416813,-0.911191,2.01382765,4.88284136,0.76361871
-0.00067675,1.5668885,11.8616813,-0.691191,1.95382765,4.21284136,-10.3563813
-0.05067675,1.1968885,12.4916813,-0.691191,1.30382765,4.88284136,-2.79638129
0.03932325,1.6868885,12.0616813,-0.701191,2.02382765,5.00284136,0.82361871
-0.04067675,1.9868885,11.4516813,-0.391191,2.42382765,4.64284136,-0.92638129
0.38932325,-0.2831115,9.90168132,0.078809,-0.49617235,1.65284136,-31.6163813
0.03932325,1.8168885,9.31168132,-0.121191,2.26382765,2.32284136,-21.1163813
0.32932325,0.8268885,8.72168132,-0.051191,0.99382765,1.34284136,-28.9863813
-0.00067675,-0.3331115,8.14168132,-0.111191,-0.52617235,2.14284136,-17.8563813
0.03932325,-1.0031115,10.0416813,-0.241191,-1.43617235,3.72284136,-7.54638129
0.11932325,-1.2631115,12.5816813,-0.481191,-1.68617235,4.58284136,-7.61638129
-0.01067675,0.3768885,13.8916813,-0.581191,0.50382765,4.88284136,-9.29638129
-0.00067675,1.6168885,13.2516813,-0.181191,2.01382765,5.25284136,0.64361871
-0.07067675,0.9868885,11.7716813,-0.121191,1.11382765,4.88284136,1.32361871
-0.00067675,0.7268885,8.74168132,-0.071191,0.51382765,3.60284136,-3.23638129
0.17932325,1.2668885,9.77168132,0.388809,1.35382765,2.69284136,-19.3563813
0.13932325,0.9068885,9.42168132,1.018809,0.89382765,1.77284136,-26.9863813
0.31932325,1.0568885,9.34168132,1.178809,1.13382765,2.75284136,-15.6763813
-0.05067675,1.3968885,8.96168132,-2.171191,1.59382765,3.85284136,-2.54638129
-0.00067675,-0.3931115,9.30168132,-1.571191,-0.73617235,3.36284136,-9.35638129
-0.00067675,-0.5631115,8.81168132,-1.431191,-0.83617235,2.87284136,-14.0463813
-0.09067675,-0.2331115,9.88168132,-1.421191,-0.37617235,3.72284136,-9.17638129
-0.06067675,-1.2531115,9.40168132,-0.991191,-1.69617235,3.60284136,-7.23638129
-0.04067675,1.4868885,8.61168132,-1.271191,1.81382765,2.50284136,-16.4863813
0.02932325,1.3268885,8.49168132,-1.241191,1.47382765,2.93284136,-11.5463813
-0.04067675,-0.4331115,9.62168132,-0.941191,-0.79617235,3.54284136,-9.35638129
-0.04067675,1.4668885,8.40168132,-0.991191,1.71382765,3.23284136,-7.11638129
-0.05067675,1.9068885,7.43168132,-1.251191,2.35382765,2.08284136,-15.1763813
-0.07067675,0.4268885,8.16168132,-1.441191,0.37382765,3.48284136,-4.23638129
-0.07067675,1.3068885,7.69168132,-1.251191,1.48382765,3.05284136,-7.11638129
-0.04067675,1.2068885,7.29168132,-1.261191,1.40382765,1.77284136,-18.6763813
-0.07067675,1.9468885,7.84168132,-1.321191,2.30382765,2.38284136,-14.6763813
-0.07067675,0.8368885,8.73168132,-1.171191,0.70382765,2.93284136,-13.1763813
-0.07067675,1.6268885,7.80168132,-1.101191,1.92382765,3.05284136,-8.11638129
-0.03067675,2.3168885,6.47168132,-1.211191,3.00382765,3.30284136,1.38361871
-0.02067675,1.5168885,7.45168132,-1.471191,1.78382765,1.40284136,-23.0463813
-0.04067675,0.7868885,7.58168132,-1.291191,0.70382765,2.69284136,-10.5463813
-0.07067675,1.3768885,7.58168132,-1.021191,1.60382765,2.87284136,-7.11638129
-0.08067675,1.2568885,7.65168132,-0.671191,1.24382765,3.48284136,-1.48638129
-0.02067675,0.7468885,7.30168132,-0.091191,0.64382765,3.30284136,-1.23638129
-0.07067675,-1.0531115,7.48168132,0.288809,-1.47617235,3.91284136,4.45361871
-0.07067675,-0.8031115,8.48168132,0.238809,-1.19617235,4.27284136,4.76361871
-0.06067675,1.9768885,7.91168132,0.428809,2.44382765,3.78284136,2.76361871
0.04932325,0.9968885,6.50168132,0.408809,1.04382765,0.98284136,-21.0463813
0.23932325,-1.4231115,6.03168132,-0.051191,-1.90617235,0.79284136,-20.2363813
0.22932325,-0.4231115,8.25168132,-1.221191,-0.62617235,2.32284136,-17.0463813
0.07932325,2.0268885,6.56168132,-0.651191,2.51382765,1.95284136,-12.3563813
0.13932325,-0.3831115,5.20168132,-0.111191,-0.64617235,0.37284136,-20.3563813
0.28932325,-1.0731115,5.34168132,-0.361191,-1.46617235,-0.36715864,-28.6763813
0.17932325,-0.6931115,9.10168132,-0.391191,-0.87617235,2.99284136,-12.1763813
-0.07067675,-1.0531115,11.2216813,-0.451191,-1.45617235,4.15284136,-6.92638129
-0.00067675,-3.0031115,11.6016813,0.118809,-3.83617235,4.64284136,-2.23638129
0.07932325,-0.1531115,8.96168132,0.468809,-0.33617235,4.27284136,4.20361871
0.17932325,1.0968885,9.44168132,-0.081191,1.31382765,2.87284136,-14.9863813
0.01932325,-0.9231115,8.10168132,-0.701191,-1.35617235,0.98284136,-29.4863813
0.03932325,0.2568885,8.03168132,-0.781191,0.13382765,0.92284136,-29.6163813
0.28932325,0.8168885,7.91168132,-0.591191,0.86382765,0.73284136,-30.5463813
0.19932325,0.7868885,7.18168132,-0.541191,0.82382765,0.85284136,-26.9263813
0.20932325,1.6668885,7.89168132,-0.761191,1.92382765,0.67284136,-30.9263813
0.08932325,2.0568885,7.78168132,-0.671191,2.49382765,1.40284136,-23.7963813
-0.06067675,-0.2431115,8.42168132,-0.441191,-0.52617235,2.14284136,-19.4263813
-0.06067675,1.6168885,8.43168132,-0.601191,1.82382765,2.69284136,-13.1763813
-0.08067675,-0.3531115,9.12168132,-0.581191,-0.67617235,3.42284136,-8.35638129
-0.02067675,0.4868885,8.68168132,-0.551191,0.20382765,3.85284136,-1.42638129
-0.07067675,-0.6331115,9.40168132,-0.281191,-0.98617235,4.21284136,0.45361871
0.00932325,-1.2331115,9.11168132,-0.241191,-1.68617235,3.78284136,-3.17638129
0.11932325,-0.1731115,9.39168132,-0.671191,-0.39617235,2.87284136,-16.0463813
0.00932325,0.4368885,9.43168132,-1.131191,0.49382765,2.87284136,-16.6763813
0.04932325,1.0168885,9.04168132,-1.291191,1.19382765,2.38284136,-20.6763813
-0.04067675,1.1668885,8.44168132,-1.261191,1.38382765,2.38284136,-17.7963813
-0.06067675,-1.0431115,8.13168132,-0.601191,-1.47617235,3.23284136,-6.79638129
0.04932325,-1.8231115,7.92168132,-0.161191,-2.54617235,3.36284136,-3.54638129
0.18932325,-2.9931115,9.83168132,-0.761191,-3.83617235,3.66284136,-7.67638129
0.33932325,-1.1131115,9.92168132,-1.431191,-1.43617235,3.05284136,-15.4263813
-0.03067675,1.9568885,9.83168132,-1.591191,2.37382765,3.42284136,-12.2363813
-0.04067675,2.2368885,9.90168132,-1.541191,2.80382765,3.66284136,-9.48638129
-0.09067675,1.7368885,8.92168132,-1.181191,2.06382765,4.76284136,7.32361871
0.06932325,1.5268885,9.87168132,-1.321191,1.82382765,2.69284136,-21.1163813
-0.08067675,0.5468885,9.10168132,-1.231191,0.31382765,3.17284136,-11.1763813
-0.06067675,0.6668885,9.40168132,-0.851191,0.45382765,4.58284136,5.01361871
-0.00067675,1.5868885,7.39168132,-0.911191,1.96382765,2.08284136,-15.2363813
0.07932325,0.6768885,7.45168132,-0.341191,0.58382765,3.17284136,-3.04638129
-0.00067675,-0.4831115,7.96168132,0.088809,-0.82617235,2.99284136,-7.42638129
-0.02067675,0.0568885,7.61168132,0.338809,-0.11617235,2.62284136,-10.7963813
0.16932325,-0.8731115,9.50168132,0.458809,-1.06617235,2.87284136,-14.9863813
0.02932325,1.2468885,9.45168132,0.048809,1.50382765,3.66284136,-5.17638129
-0.07067675,0.5468885,9.53168132,0.268809,0.42382765,3.97284136,-3.04638129
0.02932325,0.3768885,8.43168132,0.358809,0.19382765,1.40284136,-25.7963813
0.00932325,2.1168885,7.30168132,0.018809,2.45382765,2.32284136,-11.6763813
-0.01067675,0.8768885,9.98168132,-0.321191,0.87382765,3.54284136,-9.85638129
0.24932325,-2.1631115,8.80168132,-0.311191,-2.75617235,2.14284136,-20.1163813
0.26932325,-1.8731115,6.62168132,0.648809,-2.54617235,-0.23715864,-32.6763813
0.26932325,-1.9031115,9.31168132,0.938809,-2.37617235,2.32284136,-20.6763813
0.01932325,-0.0031115,8.76168132,0.068809,-0.05617235,2.69284136,-15.0463813
0.13932325,1.0768885,9.43168132,-0.271191,1.41382765,3.54284136,-7.73638129
-0.09067675,0.2668885,10.4616813,-0.531191,0.18382765,3.97284136,-7.17638129
-0.04067675,0.6668885,9.06168132,-0.671191,0.76382765,2.69284136,-15.3563813
0.25932325,1.9868885,8.21168132,-0.521191,2.35382765,1.34284136,-25.6763813
0.24932325,1.8968885,7.72168132,-0.301191,2.29382765,0.73284136,-30.3563813
0.42932325,0.7468885,8.25168132,1.028809,0.91382765,0.85284136,-30.8563813
0.07932325,0.0168885,8.18168132,1.528809,0.05382765,1.59284136,-22.7363813
0.35932325,-2.0531115,10.3016813,1.008809,-2.73617235,3.11284136,-15.4863813
0.03932325,-4.1731115,10.0016813,0.688809,-5.37617235,2.75284136,-17.8563813
0.06932325,-3.9331115,5.81168132,1.148809,-5.14617235,1.16284136,-16.0463813
-0.00067675,-2.4431115,8.59168132,0.768809,-3.17617235,3.91284136,1.64361871
0.00932325,-2.1631115,8.77168132,0.868809,-2.79617235,3.97284136,1.14361871
-0.06067675,-2.4131115,10.9916813,0.528809,-3.06617235,4.15284136,-5.85638129
-0.07067675,-2.1531115,10.0016813,0.258809,-2.80617235,4.03284136,-4.35638129
0.02932325,-0.9131115,8.80168132,0.188809,-1.36617235,2.93284136,-12.0463813
0.02932325,2.2468885,7.29168132,0.038809,2.66382765,2.08284136,-14.4263813
-0.07067675,0.1268885,7.55168132,0.478809,-0.10617235,2.69284136,-8.92638129
-0.02067675,-2.3431115,6.36168132,0.428809,-3.05617235,3.91284136,10.0136187
-0.06067675,0.3768885,7.96168132,-0.301191,0.27382765,3.85284136,1.64361871
-0.05067675,1.5568885,8.29168132,-0.541191,1.72382765,3.54284136,-3.35638129
0.05932325,-1.5431115,8.13168132,0.058809,-2.10617235,3.78284136,0.82361871
0.10932325,-1.9531115,6.94168132,0.938809,-2.64617235,4.82284136,16.5736187
0.01932325,-0.9931115,6.69168132,0.798809,-1.47617235,3.78284136,7.51361871
0.03932325,1.0268885,5.77168132,0.938809,1.07382765,3.54284136,7.57361871
0.19932325,-2.9031115,5.50168132,1.288809,-3.79617235,2.08284136,-4.35638129
-0.00067675,-3.7531115,11.7916813,0.278809,-4.77617235,5.37284136,8.64361871
0.00932325,-2.0331115,13.2916813,-0.371191,-2.63617235,5.80284136,9.07361871
0.03932325,-2.1631115,11.2316813,-0.221191,-2.82617235,5.62284136,13.0736187
-0.02067675,-0.0031115,9.56168132,-0.171191,-0.09617235,4.03284136,-1.17638129
0.12932325,-2.2631115,7.89168132,0.418809,-3.02617235,3.85284136,1.26361871
0.17932325,0.4768885,7.82168132,0.488809,0.37382765,3.36284136,-0.61638129
0.12932325,-2.8531115,8.10168132,0.798809,-3.63617235,2.38284136,-13.9263813
0.12932325,-2.6031115,8.05168132,-0.361191,-3.40617235,2.44284136,-13.9863813
0.10932325,0.1268885,9.67168132,-0.801191,0.01382765,3.48284136,-10.3563813
-0.00067675,1.6068885,7.49168132,-0.501191,1.81382765,2.99284136,-3.73638129
0.01932325,1.5068885,7.87168132,-0.391191,1.85382765,2.44284136,-12.2363813
0.07932325,0.6368885,7.68168132,-0.191191,0.70382765,2.50284136,-11.7963813
0.00932325,0.3868885,7.28168132,-0.181191,0.31382765,2.93284136,-6.35638129
-0.03067675,0.9468885,9.47168132,-0.501191,0.96382765,3.85284136,-5.79638129
-0.02067675,1.6268885,9.25168132,-0.391191,1.92382765,3.72284136,-4.54638129
-0.03067675,0.2068885,8.09168132,-0.351191,0.08382765,2.26284136,-17.3563813
0.01932325,-0.9131115,8.32168132,-0.051191,-1.31617235,1.71284136,-21.8563813
0.20932325,-1.0631115,7.07168132,0.918809,-1.53617235,2.56284136,-7.17638129
0.07932325,-1.0131115,8.72168132,0.858809,-1.44617235,3.17284136,-7.17638129
0.04932325,1.5568885,8.29168132,0.488809,1.87382765,2.44284136,-15.7363813
0.08932325,0.4868885,9.61168132,0.918809,0.55382765,3.36284136,-10.3563813
0.04932325,-2.7231115,9.76168132,1.138809,-3.53617235,4.33284136,1.88361871
-0.03067675,-1.0931115,9.57168132,0.538809,-1.56617235,4.39284136,2.14361871
-0.03067675,1.2068885,10.7216813,-0.101191,1.27382765,4.70284136,1.88361871
0.06932325,1.3668885,9.18168132,0.188809,1.63382765,3.78284136,-1.17638129
-0.02067675,1.3468885,8.84168132,-0.081191,1.53382765,3.11284136,-10.0463813
-0.03067675,1.5368885,10.0716813,-0.421191,1.71382765,3.66284136,-9.98638129
-0.05067675,0.0568885,10.4316813,-0.401191,-0.14617235,4.03284136,-5.61638129
-0.03067675,-1.0531115,10.1416813,-0.511191,-1.45617235,4.52284136,1.45361871
-0.03067675,-1.0131115,9.11168132,-0.951191,-1.47617235,4.82284136,9.38361871
-0.05067675,-1.0331115,8.36168132,-1.001191,-1.61617235,5.19284136,16.7036187
-0.00067675,0.1268885,8.82168132,-0.761191,-0.25617235,4.94284136,12.5736187
-0.01067675,1.4368885,8.99168132,-0.451191,1.52382765,4.82284136,9.95361871
0.01932325,1.6268885,9.15168132,-0.441191,1.92382765,2.87284136,-13.3563813
0.27932325,-0.8731115,9.69168132,-0.201191,-1.27617235,3.05284136,-15.0463813
0.05932325,-0.8731115,9.31168132,-0.491191,-1.17617235,2.62284136,-18.6163813
0.06932325,0.7668885,8.11168132,-0.821191,0.80382765,2.75284136,-11.2363813
-0.05067675,-0.1031115,8.70168132,-1.011191,-0.32617235,3.60284136,-4.42638129
-0.04067675,1.8468885,7.99168132,-1.191191,2.11382765,3.60284136,-2.11638129
0.08932325,2.3168885,8.45168132,-1.091191,2.80382765,2.75284136,-12.5463813
0.10932325,2.1768885,8.40168132,-0.861191,2.71382765,1.71284136,-24.2363813
-0.00067675,2.5868885,8.60168132,-0.571191,3.33382765,2.50284136,-16.2963813
0.10932325,2.3668885,8.28168132,-0.071191,2.98382765,2.69284136,-13.1163813
0.04932325,1.2568885,8.68168132,0.108809,1.43382765,2.99284136,-10.5463813
0.00932325,0.6768885,11.1616813,0.018809,0.70382765,5.07284136,5.51361871
-0.00067675,2.3068885,10.9716813,-0.151191,2.92382765,4.94284136,4.95361871
0.02932325,0.7068885,10.4016813,-0.171191,0.80382765,3.66284136,-9.11638129
0.20932325,-0.7831115,8.69168132,0.168809,-1.11617235,1.77284136,-24.2363813
0.11932325,1.4268885,8.93168132,0.428809,1.81382765,2.01284136,-22.0463813
0.07932325,-2.0931115,6.79168132,1.588809,-2.87617235,1.95284136,-12.9863813
0.05932325,-1.7631115,7.35168132,0.648809,-2.36617235,3.66284136,2.70361871
0.01932325,1.2668885,6.15168132,0.258809,1.35382765,3.30284136,2.57361871
0.09932325,0.8968885,6.61168132,0.408809,0.95382765,1.53284136,-16.0463813
0.27932325,0.2968885,6.52168132,0.598809,0.22382765,0.12284136,-29.1763813
0.10932325,-0.0031115,7.82168132,-1.061191,-0.10617235,3.30284136,-4.54638129
-0.06067675,-1.1531115,8.67168132,-1.061191,-1.55617235,4.33284136,4.45361871
0.29932325,-0.0031115,9.02168132,-0.951191,-0.06617235,3.42284136,-6.98638129
-0.00067675,-0.4331115,9.43168132,-0.961191,-0.69617235,3.48284136,-9.92638129
0.01932325,-0.5831115,9.30168132,-0.641191,-0.93617235,3.54284136,-7.73638129
0.06932325,-3.5531115,8.73168132,0.148809,-4.56617235,3.91284136,-1.04638129
0.04932325,-1.4231115,10.3916813,-0.621191,-1.93617235,4.27284136,-2.92638129
0.11932325,0.2468885,10.1916813,-0.771191,0.06382765,3.42284136,-12.7963813
0.03932325,-0.8631115,10.1516813,-0.681191,-1.14617235,3.30284136,-14.4263813
-0.04067675,0.1068885,10.1516813,-1.281191,0.16382765,3.85284136,-9.54638129
0.01932325,0.8668885,10.8416813,-1.401191,0.83382765,4.27284136,-4.35638129
-0.06067675,1.3168885,11.0916813,-1.571191,1.52382765,3.91284136,-12.4863813
-0.04067675,-1.8131115,11.2216813,-1.121191,-2.40617235,4.46284136,-5.04638129
-0.05067675,-1.9731115,11.1916813,-0.481191,-2.54617235,5.00284136,3.76361871
-0.05067675,0.2568885,10.5816813,-0.171191,0.13382765,4.33284136,-1.79638129
0.02932325,1.0268885,10.1116813,0.088809,1.16382765,3.97284136,-6.11638129
0.05932325,-1.0531115,8.35168132,-0.241191,-1.53617235,1.95284136,-20.1763813
0.20932325,-3.2331115,8.26168132,-0.991191,-4.16617235,3.17284136,-6.11638129
0.13932325,-1.7831115,9.16168132,-1.641191,-2.36617235,3.54284136,-6.54638129
-0.05067675,1.6968885,11.4716813,-1.431191,1.90382765,4.58284136,-4.35638129
-0.08067675,1.6868885,10.1516813,-0.891191,1.99382765,4.33284136,-0.23638129
0.18932325,1.8368885,9.17168132,-0.511191,2.05382765,2.81284136,-15.9263813
0.26932325,0.2668885,8.63168132,0.008809,0.29382765,1.65284136,-24.7363813
-0.01067675,-0.2031115,8.92168132,-0.101191,-0.47617235,2.81284136,-14.2963813
-0.03067675,0.7168885,8.91168132,-0.261191,0.70382765,3.23284136,-9.42638129
-0.05067675,1.8268885,9.37168132,-0.341191,2.14382765,2.99284136,-14.9863813
-0.02067675,-0.1831115,9.34168132,-0.371191,-0.30617235,1.95284136,-25.7963813
0.23932325,-0.8231115,8.21168132,0.008809,-1.18617235,1.53284136,-25.0463813
0.20932325,0.7668885,9.25168132,0.318809,0.95382765,2.50284136,-18.9263813
0.01932325,0.0868885,11.6216813,0.638809,0.17382765,3.78284136,-13.2363813
0.14932325,-1.0831115,9.07168132,0.038809,-1.43617235,2.56284136,-16.9263813
-0.03067675,1.1768885,8.57168132,-0.621191,1.40382765,3.78284136,-1.11638129
0.13932325,0.8768885,10.2316813,-0.461191,0.85382765,4.27284136,-1.79638129
0.07932325,-1.3031115,7.61168132,-0.821191,-1.75617235,2.62284136,-9.54638129
0.03932325,-1.5331115,7.93168132,-1.401191,-1.99617235,2.20284136,-17.1763813
0.01932325,0.2968885,8.64168132,-1.141191,0.17382765,3.17284136,-10.6163813
-0.03067675,1.1768885,8.37168132,-0.881191,1.33382765,3.23284136,-7.35638129
-0.05067675,-0.1931115,8.85168132,-0.771191,-0.46617235,3.91284136,-1.73638129
-0.00067675,1.3268885,8.97168132,-1.031191,1.51382765,2.87284136,-14.2963813
-0.06067675,-0.4931115,9.29168132,-0.941191,-0.82617235,3.54284136,-8.42638129
-0.07067675,-1.4331115,9.53168132,-0.511191,-1.93617235,4.64284136,4.88361871
-0.02067675,0.9568885,8.45168132,-0.391191,0.92382765,3.72284136,-0.17638129
-0.03067675,1.6968885,8.99168132,-0.491191,2.01382765,2.87284136,-13.9863813
-0.06067675,0.0968885,9.18168132,-0.151191,-0.09617235,3.97284136,-1.48638129
-0.05067675,-0.2331115,9.73168132,0.288809,-0.35617235,4.52284136,4.14361871
-0.00067675,-1.0831115,9.97168132,0.078809,-1.34617235,4.15284136,-2.23638129
0.02932325,-3.5031115,10.1416813,0.118809,-4.42617235,4.39284136,1.20361871
0.24932325,-2.9031115,9.11168132,0.718809,-3.75617235,3.48284136,-4.61638129
0.01932325,-0.6531115,8.16168132,0.648809,-1.00617235,2.99284136,-8.35638129
-0.00067675,-2.2131115,6.38168132,0.958809,-2.91617235,2.99284136,0.64361871
0.26932325,-2.4931115,7.29168132,1.558809,-3.25617235,3.72284136,5.01361871
-0.03067675,-2.3031115,8.97168132,0.748809,-2.95617235,3.97284136,0.45361871
-0.07067675,-0.1531115,9.05168132,0.148809,-0.36617235,4.09284136,-0.17638129
0.02932325,-2.6431115,9.06168132,0.378809,-3.43617235,4.70284136,8.57361871
-0.05067675,-4.9431115,10.5516813,0.508809,-6.34617235,4.82284136,4.95361871
0.01932325,-2.5131115,9.44168132,0.818809,-3.23617235,4.21284136,1.70361871
-0.05067675,-0.4831115,10.8616813,0.388809,-0.66617235,5.13284136,6.45361871
-0.08067675,0.1268885,10.8516813,-0.141191,0.02382765,4.52284136,-1.73638129
0.06932325,-3.3131115,9.83168132,-0.091191,-4.27617235,4.09284136,-1.85638129
0.14932325,-2.8431115,8.67168132,-0.681191,-3.76617235,3.05284136,-8.98638129
-0.11067675,-0.1031115,9.82168132,-1.161191,-0.32617235,4.33284136,-1.92638129
-0.06067675,1.1868885,7.19168132,-1.071191,1.25382765,4.64284136,12.3836187
-0.07067675,-0.5031115,11.4316813,-0.661191,-0.75617235,4.03284136,-10.9263813
-0.07067675,-1.2731115,10.7316813,-0.561191,-1.66617235,4.27284136,-4.29638129
-0.07067675,-0.5631115,9.50168132,-0.701191,-0.80617235,4.39284136,3.07361871
-0.07067675,-0.7831115,9.20168132,-0.741191,-1.11617235,4.88284136,9.38361871
0.02932325,-0.6431115,8.69168132,-0.301191,-0.88617235,4.64284136,9.20361871
-0.04067675,0.4868885,9.83168132,-0.351191,0.37382765,3.60284136,-8.17638129
-0.07067675,1.7568885,10.2116813,-0.891191,2.13382765,2.99284136,-18.9263813
-0.10067675,1.2468885,9.99168132,-1.041191,1.33382765,3.23284136,-14.6763813
-0.08067675,-0.3731115,10.0616813,-0.871191,-0.73617235,3.54284136,-11.6163813
-0.00067675,-0.3431115,9.07168132,-0.621191,-0.69617235,3.05284136,-12.0463813
-0.07067675,0.2668885,8.14168132,-0.421191,0.02382765,3.17284136,-7.04638129
0.13932325,1.6668885,7.88168132,-0.421191,1.99382765,2.75284136,-10.2363813
-0.03067675,1.3068885,7.75168132,-0.421191,1.47382765,2.26284136,-14.7363813
0.18932325,0.7368885,9.38168132,0.108809,0.83382765,2.26284136,-21.6163813
-0.02067675,1.1868885,8.72168132,0.098809,1.41382765,3.05284136,-11.0463813
-0.05067675,0.4868885,9.68168132,-0.361191,0.51382765,3.60284136,-7.98638129
0.04932325,0.3368885,9.47168132,-0.041191,0.31382765,4.15284136,-0.04638129
0.16932325,0.3268885,7.43168132,0.738809,0.02382765,4.46284136,10.2036187
0.11932325,-3.0731115,6.79168132,0.968809,-4.05617235,3.60284136,5.38361871
0.01932325,-3.5831115,8.02168132,0.448809,-4.63617235,3.97284136,4.01361871
-0.11067675,-1.2331115,10.5816813,-0.231191,-1.61617235,4.76284136,2.64361871
-0.08067675,0.7668885,11.0716813,-0.251191,0.78382765,5.00284136,3.70361871
0.03932325,1.7868885,9.56168132,0.058809,2.19382765,5.31284136,14.1436187
-0.03067675,-0.3931115,8.66168132,-0.111191,-0.68617235,3.72284136,-3.29638129
0.21932325,-1.7231115,10.0416813,0.328809,-2.32617235,4.15284136,-1.92638129
0.03932325,-0.4631115,9.09168132,0.088809,-0.92617235,3.48284136,-7.42638129
-0.07067675,-1.5731115,8.05168132,0.628809,-2.17617235,3.30284136,-5.17638129
0.10932325,-1.3731115,9.03168132,0.998809,-1.86617235,4.09284136,0.70361871
-0.08067675,-0.9831115,9.73168132,0.678809,-1.40617235,4.64284136,5.14361871
0.07932325,-0.3331115,5.69168132,1.468809,-0.75617235,3.97284136,10.0136187
0.19932325,0.6068885,7.75168132,1.178809,0.69382765,2.50284136,-11.1763813
0.27932325,-2.6631115,13.7316813,-0.831191,-3.38617235,4.33284136,-15.9263813
0.00932325,-0.1831115,12.4316813,-1.581191,-0.35617235,4.15284136,-14.5463813
-0.06067675,-0.3131115,11.5416813,-1.911191,-0.50617235,3.78284136,-15.3563813
-0.01067675,-3.0831115,10.5816813,-1.301191,-3.95617235,4.27284136,-4.92638129
-0.01067675,-0.4831115,9.52168132,-1.111191,-0.89617235,3.05284136,-14.8563813
-0.07067675,-0.1931115,10.6416813,-1.191191,-0.32617235,3.42284136,-16.1763813
-0.09067675,1.6168885,10.8116813,-1.411191,1.79382765,3.91284136,-10.7963813
-0.05067675,1.7568885,10.0016813,-1.851191,1.99382765,4.52284136,0.82361871
-0.06067675,1.3068885,9.75168132,-2.251191,1.45382765,3.54284136,-9.85638129
-0.08067675,-0.8731115,9.48168132,-1.651191,-1.32617235,4.27284136,-1.17638129
-0.11067675,-0.8431115,9.53168132,-0.991191,-1.21617235,4.88284136,7.88361871
-0.02067675,0.2468885,8.73168132,-1.441191,0.01382765,2.99284136,-12.2963813
-0.08067675,0.3168885,9.68168132,-1.491191,0.35382765,3.23284136,-14.3563813
-0.03067675,-1.6031115,9.09168132,-0.991191,-2.11617235,3.60284136,-7.11638129
-0.07067675,0.8368885,8.86168132,-0.881191,0.81382765,3.91284136,-1.29638129
0.04932325,0.4468885,6.26168132,-0.431191,0.42382765,3.36284136,4.32361871
0.31932325,1.6168885,9.75168132,-0.141191,1.88382765,2.62284136,-18.3563813
0.07932325,0.5268885,10.1416813,0.078809,0.55382765,3.36284136,-12.9263813
0.21932325,0.9368885,10.7216813,0.308809,1.06382765,4.88284136,4.64361871
-0.06067675,0.5968885,9.86168132,0.678809,0.60382765,4.58284136,5.76361871
-0.08067675,0.5568885,10.4716813,0.388809,0.42382765,4.21284136,-3.85638129
-0.00067675,-1.9631115,10.4216813,0.758809,-2.62617235,4.39284136,-0.67638129
0.03932325,-2.4431115,11.2916813,0.608809,-3.17617235,4.33284136,-3.85638129
-0.02067675,-0.9831115,10.5316813,0.128809,-1.39617235,4.27284136,-3.11638129
0.03932325,-2.1031115,11.0916813,0.198809,-2.73617235,4.76284136,1.57361871
0.09932325,-0.1231115,11.8016813,0.138809,-0.25617235,4.39284136,-6.35638129
0.03932325,-0.9131115,10.6416813,-0.311191,-1.19617235,4.15284136,-6.17638129
0.23932325,-1.5031115,10.1516813,-0.011191,-2.00617235,3.97284136,-4.61638129
-0.04067675,-0.6431115,10.1616813,0.158809,-0.92617235,3.91284136,-7.23638129
0.09932325,-3.5531115,8.71168132,1.228809,-4.61617235,3.42284136,-5.11638129
0.22932325,-5.4031115,4.89168132,1.868809,-7.09617235,1.95284136,-4.54638129
0.03932325,-0.5531115,7.86168132,-1.031191,-0.83617235,2.93284136,-9.98638129
-0.07067675,-2.6231115,7.95168132,-0.711191,-3.35617235,3.97284136,3.14361871
-0.05067675,-1.8731115,8.21168132,-0.221191,-2.37617235,3.78284136,0.51361871
-0.02067675,-2.8331115,6.58168132,0.348809,-3.62617235,2.38284136,-8.11638129
-0.06067675,-2.9831115,5.94168132,0.778809,-3.81617235,4.33284136,14.5736187
0.24932325,-1.9431115,7.49168132,0.598809,-2.47617235,4.03284136,7.38361871
-0.03067675,-2.3031115,9.73168132,-0.271191,-2.90617235,4.15284136,-1.23638129
-0.05067675,-1.3631115,8.93168132,-0.281191,-1.73617235,4.58284136,6.14361871
0.22932325,-1.8731115,6.64168132,-0.041191,-2.44617235,4.82284136,17.4536187
-0.08067675,-0.4931115,5.75168132,-0.161191,-0.72617235,3.54284136,8.45361871
-0.07067675,-2.4431115,6.54168132,-0.211191,-3.22617235,3.42284136,3.51361871
-0.11067675,0.4868885,6.59168132,-0.251191,0.44382765,3.17284136,-0.35638129
0.17932325,0.6968885,7.07168132,-0.841191,0.66382765,2.01284136,-15.2363813
-0.07067675,1.2668885,7.92168132,-0.731191,1.42382765,2.08284136,-18.6763813
-0.06067675,-0.8731115,7.00168132,0.048809,-1.20617235,2.38284136,-10.9863813
0.15932325,-2.8731115,10.0716813,0.228809,-3.61617235,4.33284136,1.01361871
0.13932325,-2.9431115,11.0416813,-0.391191,-3.75617235,4.82284136,2.07361871
-0.07067675,-0.9231115,11.0216813,-0.511191,-1.20617235,4.94284136,3.01361871
-0.06067675,-1.5831115,10.5916813,-0.011191,-2.14617235,5.55284136,14.7636187
-0.01067675,1.4468885,10.4716813,-0.451191,1.59382765,3.85284136,-9.73638129
0.01932325,1.0368885,9.86168132,-0.461191,1.05382765,3.97284136,-4.11638129
-0.03067675,0.5768885,8.78168132,-1.041191,0.50382765,2.99284136,-11.9263813
-0.05067675,1.2268885,8.52168132,-1.661191,1.42382765,2.99284136,-12.0463813
0.10932325,0.3868885,8.24168132,-1.691191,0.33382765,2.87284136,-10.7363813
-0.05067675,1.4968885,9.59168132,-1.851191,1.73382765,3.30284136,-13.5463813
-0.11067675,-0.6931115,9.23168132,-1.651191,-1.07617235,3.97284136,-3.79638129
-0.12067675,0.5468885,9.53168132,-1.461191,0.42382765,4.52284136,3.26361871
0.07932325,1.6068885,9.25168132,-1.361191,1.83382765,4.64284136,6.14361871
-0.09067675,1.7968885,7.28168132,-1.411191,2.05382765,2.93284136,-5.04638129
0.08932325,2.1068885,6.86168132,-1.371191,2.49382765,1.28284136,-20.0463813
-0.00067675,1.6168885,7.59168132,-1.231191,1.92382765,2.20284136,-16.4863813
0.06932325,1.3168885,11.3216813,-1.161191,1.56382765,4.58284136,-1.98638129
-0.05067675,-0.6431115,11.6816813,-1.021191,-0.93617235,4.46284136,-5.85638129
-0.06067675,-3.0631115,11.7116813,-0.881191,-3.93617235,4.76284136,-1.79638129
-0.07067675,-0.6931115,12.2516813,-0.571191,-0.93617235,5.00284136,0.51361871
-0.06067675,-0.0131115,10.1116813,-0.081191,-0.19617235,3.91284136,-5.73638129
0.06932325,-0.9831115,11.3516813,-0.641191,-1.40617235,4.39284136,-5.48638129
0.00932325,0.8768885,12.2116813,-1.161191,1.00382765,5.00284136,0.26361871
0.05932325,0.1668885,10.6416813,-0.791191,0.11382765,3.97284136,-7.92638129
0.22932325,-2.1331115,11.2016813,-0.221191,-2.79617235,3.66284136,-12.6163813
-0.07067675,-1.2131115,12.2716813,0.078809,-1.70617235,4.21284136,-10.7363813
0.24932325,0.4368885,10.7816813,0.328809,0.55382765,4.33284136,-2.67638129
-0.00067675,-0.2731115,10.4916813,-0.751191,-0.48617235,3.05284136,-19.3563813
-0.02067675,-0.4931115,10.0416813,-0.291191,-0.62617235,3.30284136,-13.6163813
0.08932325,0.9868885,11.3216813,-0.061191,1.24382765,3.23284136,-19.6163813
-0.05067675,-0.2831115,11.6116813,-0.031191,-0.40617235,4.64284136,-2.48638129
-0.03067675,-1.7131115,12.6816813,0.268809,-2.13617235,5.13284136,0.70361871
0.21932325,-1.7831115,12.4816813,0.778809,-2.28617235,4.46284136,-8.23638129
-0.03067675,-1.3731115,13.7616813,0.278809,-1.84617235,4.94284136,-5.98638129
0.06932325,1.3168885,11.7916813,-0.351191,1.46382765,4.46284136,-5.29638129
-0.05067675,-0.8331115,9.05168132,0.208809,-1.50617235,2.50284136,-17.2363813
-0.02067675,-0.9131115,11.5816813,0.438809,-1.38617235,4.82284136,1.38361871
-0.01067675,0.1468885,11.9216813,0.198809,-0.04617235,4.88284136,-0.92638129
-0.07067675,-1.0131115,11.7116813,0.378809,-1.40617235,4.64284136,-0.85638129
-0.04067675,-0.3331115,11.5016813,0.308809,-0.65617235,3.85284136,-13.5463813
-0.03067675,1.0368885,10.5116813,-0.281191,1.09382765,3.60284136,-12.2363813
-0.10067675,0.9168885,10.0416813,-0.861191,0.92382765,3.91284136,-6.48638129
0.03932325,0.7768885,9.93168132,-0.831191,0.70382765,4.58284136,2.64361871
0.18932325,0.0368885,11.0416813,-0.231191,-0.16617235,4.76284136,2.14361871
-0.07067675,0.6268885,10.2316813,-0.441191,0.63382765,3.42284136,-12.9863813
0.01932325,1.4468885,9.79168132,-0.871191,1.66382765,2.93284136,-17.1163813
-0.04067675,0.6168885,9.68168132,-0.901191,0.41382765,3.48284136,-10.4863813
-0.03067675,-0.5131115,8.11168132,-0.881191,-0.83617235,3.17284136,-7.23638129
-0.13067675,0.1468885,8.74168132,-0.911191,-0.19617235,3.97284136,0.26361871
-0.07067675,-0.9131115,7.45168132,-0.941191,-1.35617235,3.11284136,-5.17638129
-0.11067675,-2.1131115,7.33168132,-0.661191,-2.75617235,3.11284136,-4.17638129
-0.13067675,-1.2631115,7.89168132,-0.191191,-1.70617235,3.23284136,-4.73638129
0.00932325,-0.7031115,8.93168132,0.298809,-1.07617235,3.85284136,-1.61638129
0.15932325,0.6668885,9.12168132,0.588809,0.60382765,3.17284136,-9.23638129
0.13932325,0.3968885,8.16168132,0.148809,0.26382765,3.78284136,1.95361871
0.32932325,1.1568885,8.69168132,-0.201191,1.27382765,2.93284136,-10.7963813
-0.07067675,-0.0631115,9.31168132,-0.471191,-0.18617235,4.15284136,-0.48638129
-0.11067675,-1.4231115,9.33168132,-0.071191,-1.85617235,3.85284136,-2.29638129
0.01932325,-2.0731115,9.82168132,0.018809,-2.68617235,4.09284136,-0.92638129
-0.07067675,-0.4631115,10.5816813,-0.601191,-0.70617235,4.15284136,-5.42638129
0.06932325,-0.0731115,10.7816813,-0.591191,-0.29617235,4.64284136,1.01361871
0.10932325,1.8068885,9.91168132,-0.701191,2.02382765,4.82284136,6.82361871
-0.11067675,1.8968885,9.21168132,-0.991191,2.12382765,3.78284136,-5.54638129
-0.11067675,-1.3731115,9.66168132,-0.511191,-1.91617235,4.58284136,4.07361871
-0.04067675,0.7668885,10.1216813,-0.811191,0.67382765,2.87284136,-18.6163813
-0.10067675,1.2668885,10.2816813,-0.071191,1.56382765,2.69284136,-23.0463813
0.29932325,-2.2431115,8.91168132,0.068809,-3.01617235,2.56284136,-17.2963813
-0.03067675,-1.6031115,7.65168132,-0.281191,-2.18617235,3.17284136,-6.23638129
0.00932325,-0.0231115,5.11168132,-0.481191,-0.46617235,2.01284136,-5.85638129
-0.11067675,1.0868885,6.01168132,-0.631191,1.04382765,2.69284136,-3.98638129
0.10932325,0.6368885,8.32168132,-1.161191,0.63382765,1.65284136,-24.8563813
-0.05067675,1.4668885,8.00168132,-1.091191,1.74382765,2.01284136,-18.3563813
-0.08067675,0.1668885,9.08168132,-0.561191,-0.07617235,3.78284136,-4.42638129
-0.11067675,0.9168885,9.02168132,-0.621191,0.91382765,3.60284136,-6.17638129
-0.11067675,0.0168885,8.75168132,-1.321191,-0.25617235,2.01284136,-22.5463813
0.04932325,0.9468885,8.08168132,-1.581191,0.95382765,1.46284136,-24.8563813
-0.07067675,1.5968885,7.95168132,-1.401191,1.84382765,1.83284136,-21.6763813
-0.10067675,1.3768885,8.51168132,-0.941191,1.54382765,2.50284136,-16.6163813
-0.00067675,-0.6531115,8.89168132,-0.941191,-1.00617235,2.81284136,-15.7363813
-0.11067675,-1.2631115,8.29168132,-0.591191,-1.75617235,3.05284136,-9.54638129
-0.09067675,-0.7931115,9.59168132,-0.671191,-1.18617235,3.85284136,-5.29638129
0.14932325,0.7568885,12.1116813,-1.061191,0.80382765,4.76284136,-3.54638129
-0.11067675,0.0868885,11.7216813,-1.121191,0.06382765,4.82284136,-1.48638129
-0.04067675,-2.0131115,10.1116813,-0.841191,-2.54617235,4.03284136,-4.61638129
-0.01067675,0.3368885,8.91168132,-0.821191,0.35382765,2.93284136,-12.4263813
-0.00067675,1.0368885,8.50168132,-0.871191,1.31382765,3.17284136,-7.98638129
-0.01067675,-2.1531115,11.0016813,0.068809,-2.76617235,4.58284136,-1.98638129
-0.03067675,0.3668885,10.7116813,0.438809,0.52382765,4.58284136,2.64361871
0.40932325,-0.0131115,12.6516813,0.078809,0.02382765,3.97284136,-15.6763813
-0.03067675,-0.1531115,12.8216813,-0.561191,-0.35617235,4.88284136,-4.85638129
0.11932325,-1.3231115,11.4216813,-0.611191,-1.77617235,4.09284136,-9.42638129
-0.00067675,-2.9831115,10.4816813,-0.031191,-3.84617235,4.33284136,-2.04638129
-0.13067675,1.1668885,9.30168132,-0.301191,1.29382765,3.30284136,-9.79638129
-0.01067675,1.3068885,10.0816813,-0.611191,1.52382765,2.87284136,-19.1763813
-0.07067675,1.7368885,9.69168132,-0.091191,2.05382765,3.23284136,-14.2363813
-0.02067675,0.7368885,9.16168132,0.018809,0.70382765,3.91284136,-3.73638129
-0.11067675,1.3668885,9.78168132,0.068809,1.50382765,3.85284136,-5.85638129
-0.12067675,-0.2331115,9.36168132,0.198809,-0.38617235,3.91284136,-2.85638129
-0.05067675,-1.5831115,8.16168132,0.578809,-2.06617235,3.30284136,-3.54638129
0.26932325,1.9168885,10.5316813,0.438809,2.37382765,3.23284136,-15.1763813
0.07932325,-2.3831115,11.5216813,1.248809,-3.12617235,4.09284136,-9.42638129
0.40932325,-4.7331115,9.61168132,2.048809,-6.13617235,4.27284136,2.95361871
0.04932325,-3.1231115,10.1116813,1.158809,-4.00617235,4.82284136,6.88361871
-0.00067675,-0.8031115,10.6516813,0.278809,-1.18617235,4.39284136,-1.61638129
-0.16067675,-0.4831115,10.2716813,0.198809,-0.81617235,4.21284136,-3.04638129
0.10932325,0.1768885,9.88168132,0.788809,0.08382765,4.09284136,-2.17638129
-0.00067675,-1.3331115,10.3716813,0.618809,-1.75617235,4.64284136,3.20361871
0.00932325,-1.0631115,9.42168132,0.638809,-1.47617235,3.66284136,-5.04638129
0.03932325,-0.1131115,9.36168132,0.368809,-0.36617235,2.93284136,-14.7963813
-0.04067675,-0.0531115,10.8216813,-1.431191,-0.03617235,4.09284136,-7.85638129
-0.08067675,0.7668885,10.5116813,-1.551191,0.76382765,3.85284136,-9.54638129
-0.12067675,-0.4831115,11.2216813,-1.461191,-0.73617235,4.82284136,0.70361871
-0.11067675,0.7468885,11.4716813,-1.241191,0.83382765,4.76284136,0.07361871
-0.06067675,0.2168885,8.78168132,-1.021191,0.04382765,3.05284136,-10.2963813
-0.07067675,-0.1931115,9.57168132,-1.051191,-0.35617235,3.36284136,-12.1763813
-0.08067675,0.8068885,10.4716813,-1.171191,0.88382765,3.54284136,-13.6163813
-0.08067675,0.2768885,10.3416813,-1.011191,0.14382765,3.78284136,-8.85638129
-0.08067675,1.7668885,8.90168132,-0.931191,2.07382765,3.54284136,-5.85638129
0.13932325,1.2268885,9.24168132,-0.701191,1.31382765,2.01284136,-24.9863813
0.16932325,1.1468885,10.3216813,-0.541191,1.36382765,2.08284136,-29.6163813
0.14932325,-0.1131115,9.90168132,-0.591191,-0.12617235,2.14284136,-26.9263813
0.24932325,-1.6831115,9.55168132,-0.561191,-2.11617235,2.01284136,-26.0463813
0.07932325,-0.8331115,8.98168132,-0.891191,-1.08617235,2.20284136,-21.6763813
-0.11067675,1.2068885,9.79168132,-1.171191,1.35382765,3.36284136,-12.4263813
-0.11067675,1.3368885,10.3616813,-1.301191,1.47382765,3.66284136,-11.2363813
-0.13067675,0.4868885,10.3616813,-1.301191,0.36382765,4.03284136,-7.11638129
-0.08067675,0.7668885,9.74168132,-1.291191,0.77382765,3.97284136,-4.17638129
0.03932325,0.5868885,9.36168132,-0.571191,0.54382765,4.27284136,2.01361871
-0.07067675,-0.6631115,8.90168132,-0.351191,-1.01617235,2.62284136,-16.3563813
-0.00067675,-3.1731115,7.73168132,-0.751191,-4.18617235,2.44284136,-13.5463813
-0.11067675,-2.0831115,7.42168132,-0.931191,-2.76617235,1.65284136,-20.7363813
-0.03067675,-0.0131115,8.26168132,-0.661191,-0.22617235,2.32284136,-18.4863813
-0.03067675,2.1668885,7.11168132,-0.621191,2.60382765,2.87284136,-6.61638129
0.03932325,1.6268885,7.74168132,-0.631191,1.76382765,4.27284136,7.70361871
-0.03067675,1.2968885,6.77168132,-0.481191,1.31382765,3.54284136,3.70361871
-0.06067675,1.0468885,8.73168132,-0.791191,1.12382765,2.32284136,-20.2363813
-0.11067675,1.2368885,8.93168132,-0.811191,1.38382765,2.87284136,-14.6763813
-0.09067675,0.5068885,7.97168132,-0.711191,0.36382765,3.91284136,2.76361871
-0.11067675,1.7868885,6.97168132,-0.791191,1.97382765,3.72284136,3.95361871
-0.11067675,0.7668885,5.98168132,-0.641191,0.63382765,3.97284136,10.5736187
-0.13067675,0.5668885,12.3016813,0.138809,0.42382765,5.19284136,3.07361871
-0.15067675,-0.6231115,11.8116813,0.288809,-0.93617235,5.13284136,4.26361871
-0.11067675,-0.2531115,11.1816813,0.128809,-0.46617235,4.88284136,2.82361871
-0.17067675,-1.2331115,13.5516813,-0.091191,-1.69617235,5.55284136,4.38361871
-0.04067675,-0.0031115,13.0516813,-0.051191,-0.11617235,5.98284136,12.5136187
-0.09067675,0.1768885,9.15168132,0.128809,-0.09617235,4.52284136,6.26361871
-0.04067675,-1.4931115,6.75168132,0.318809,-2.07617235,3.97284136,9.64361871
0.00932325,-2.2331115,2.64168132,0.588809,-3.11617235,1.16284136,-2.85638129
0.06932325,-2.9431115,0.90168132,0.758809,-4.06617235,2.87284136,16.0136187
0.09932325,-1.1531115,2.94168132,0.818809,-1.70617235,3.23284136,13.8836187
-0.05067675,1.2968885,7.27168132,0.258809,1.58382765,2.20284136,-13.4863813
-0.09067675,-0.5531115,9.16168132,-0.391191,-0.85617235,3.91284136,-2.67638129
-0.12067675,0.2068885,10.0716813,-0.831191,0.02382765,4.33284136,-1.42638129
-0.14067675,0.1768885,9.48168132,-0.571191,0.06382765,4.15284136,-0.48638129
-0.13067675,1.0268885,8.89168132,-0.301191,1.16382765,3.72284136,-2.73638129
0.02932325,0.5168885,9.91168132,-0.321191,0.48382765,3.60284136,-9.61638129
-0.14067675,-0.7231115,10.5716813,-0.831191,-0.98617235,4.33284136,-4.23638129
-0.09067675,-0.5131115,10.0216813,-0.811191,-0.65617235,4.09284136,-3.42638129
-0.14067675,1.9868885,10.5116813,-1.281191,2.36382765,3.97284136,-8.73638129
-0.07067675,-0.8631115,10.4116813,-1.021191,-1.28617235,4.46284136,-1.29638129
-0.04067675,-0.8031115,10.6616813,-0.611191,-1.22617235,4.64284136,1.82361871
-0.08067675,-1.4931115,9.79168132,-0.221191,-2.05617235,4.58284136,3.88361871
-0.09067675,-0.8731115,8.82168132,0.088809,-1.25617235,3.97284136,0.51361871
-0.02067675,-2.6531115,7.77168132,0.248809,-3.54617235,3.60284136,-0.17638129
0.15932325,0.9268885,7.96168132,0.058809,0.91382765,2.26284136,-14.9263813
-0.03067675,-1.6931115,7.37168132,-0.061191,-2.21617235,3.05284136,-4.17638129
-0.14067675,-0.5131115,9.49168132,-0.711191,-0.69617235,4.27284136,0.82361871
-0.09067675,-1.0531115,6.04168132,-0.601191,-1.42617235,3.05284136,2.45361871
-0.07067675,-2.6531115,5.05168132,-0.411191,-3.50617235,2.69284136,0.76361871
-0.12067675,-2.7331115,4.36168132,0.278809,-3.62617235,3.48284136,10.9536187
0.20932325,-0.9831115,5.47168132,0.948809,-1.44617235,4.03284136,13.7636187
-0.08067675,1.9568885,6.90168132,-1.151191,2.40382765,1.71284136,-17.8563813
-0.03067675,1.5068885,7.60168132,-1.151191,1.62382765,2.93284136,-8.04638129
-0.11067675,0.1668885,8.29168132,-0.961191,0.02382765,3.05284136,-9.29638129
-0.14067675,-1.9831115,8.86168132,-0.451191,-2.57617235,3.91284136,-0.98638129
-0.13067675,-2.1131115,8.41168132,0.298809,-2.73617235,4.09284136,3.45361871
-0.03067675,1.3068885,9.96168132,0.448809,1.57382765,3.78284136,-5.85638129
0.06932325,-0.4431115,9.68168132,0.068809,-0.56617235,3.60284136,-7.17638129
0.02932325,-2.4831115,8.69168132,-0.251191,-3.27617235,3.85284136,-1.54638129
0.03932325,-2.2231115,9.75168132,-0.041191,-2.82617235,4.15284136,-1.42638129
0.06932325,-1.4231115,8.83168132,0.758809,-1.85617235,3.23284136,-6.17638129
-0.05067675,-1.2031115,10.0216813,0.148809,-1.69617235,3.91284136,-5.42638129
0.00932325,0.4468885,10.5016813,-0.521191,0.47382765,3.60284136,-12.1763813
0.04932325,-0.3731115,11.6016813,-0.911191,-0.56617235,3.36284136,-20.3563813
0.12932325,-2.3331115,10.1116813,-1.181191,-3.04617235,2.69284136,-21.3563813
0.03932325,0.9268885,11.3816813,-1.061191,1.05382765,4.27284136,-7.04638129
-0.12067675,1.4368885,11.0216813,-1.191191,1.83382765,4.27284136,-6.35638129
-0.14067675,0.8768885,11.3516813,-1.421191,0.89382765,4.33284136,-7.35638129
-0.10067675,1.8068885,11.2016813,-1.541191,2.09382765,4.39284136,-4.79638129
-0.11067675,1.0568885,11.7616813,-1.491191,1.08382765,4.70284136,-3.04638129
-0.11067675,0.2368885,11.8716813,-0.991191,-0.03617235,4.88284136,-0.73638129
-0.11067675,1.0168885,11.8916813,-0.731191,1.02382765,5.31284136,5.14361871
-0.07067675,1.4468885,11.2716813,-0.971191,1.73382765,4.46284136,-4.61638129
0.16932325,1.2868885,11.2616813,-1.201191,1.57382765,3.66284136,-14.6163813
-0.13067675,1.9168885,11.0316813,-1.121191,2.38382765,5.25284136,7.32361871
0.01932325,0.8568885,11.8516813,-1.351191,0.91382765,4.27284136,-8.35638129
0.04932325,2.0168885,11.1016813,-1.511191,2.49382765,4.03284136,-8.79638129
-0.14067675,0.1968885,12.0316813,-1.331191,-0.02617235,4.64284136,-5.42638129
-0.14067675,0.1268885,11.4116813,-1.261191,-0.11617235,5.00284136,1.57361871
-0.11067675,0.6268885,11.0416813,-1.281191,0.59382765,3.85284136,-11.7963813
-0.12067675,0.3668885,10.4416813,-1.181191,0.31382765,4.21284136,-5.61638129
-0.14067675,-2.5731115,10.0716813,-0.421191,-3.35617235,5.68284136,16.5736187
